date,state_code,state_name,actual,normal,deviation,rainfall_1day,rainfall_3day,rainfall_7day,temperature,humidity,pressure,wind_speed,flood_occurred
2013-11-15,12,Arunachal Pradesh,0.0,0.6,-100.0,0.0,0.0,0.0,19.0,71,981.5,4.1,0.0
2018-08-07,18,Assam,2.12,10.62,-80.04,2.12,14.359999999999978,65.26999999999998,28.2,85,994.3,6.0,1.0
2011-08-17,29,Karnataka,14.27,7.5,90.27,14.27,27.37999999999998,46.99999999999999,21.4,89,908.9,9.9,0.0
2010-01-27,28,Andhra Pradesh,0.0,0.09,-100.0,0.0,0.0,0.0,24.6,68,1009.7,7.5,0.0
2011-06-15,5,Uttarakhand,3.42,4.37,-21.74,3.42,16.410000000000014,28.53,17.7,77,777.4,3.1,1.0
2014-06-26,18,Assam,15.48,14.28,8.4,15.48,42.24,128.83,28.3,87,996.8,6.2,1.0
2009-02-05,12,Arunachal Pradesh,0.0,3.45,-100.0,0.0,0.68,15.51,17.0,75,980.7,3.6,0.0
2013-10-21,19,West Bengal,7.85,3.94,99.24,7.85,9.600000000000014,50.22,25.8,88,1008.3,4.0,1.0
2017-08-11,19,West Bengal,32.34,10.71,201.96,32.34,62.11000000000002,99.08,29.0,83,1000.2,16.2,1.0
2018-06-22,18,Assam,10.37,15.98,-35.11,10.37,20.25999999999997,69.43999999999998,27.8,87,995.8,6.4,1.0
2018-07-26,9,Uttar Pradesh,32.32,10.06,221.27,32.32,52.169999999999966,84.82999999999998,27.1,91,983.2,13.5,1.0
2010-06-01,22,Chhattisgarh,0.0,1.24,-100.0,0.0,1.139999999999982,6.309999999999998,37.8,20,969.5,8.3,0.0
2017-07-10,18,Assam,26.24,14.27,83.88,26.24,70.74999999999999,142.68,25.4,95,999.0,6.9,0.0
2017-04-23,6,Haryana,0.01,0.13,-92.31,0.01,0.4099999999999716,0.41,31.0,35,979.1,9.3,0.0
2016-04-20,9,Uttar Pradesh,0.0,0.42,-100.0,0.0,0.159999999999992,0.1599999999999929,33.5,28,991.8,14.9,0.0
2013-06-12,19,West Bengal,2.49,9.68,-74.28,2.49,24.48000000000002,52.92,27.4,87,997.0,15.0,1.0
2020-06-01,22,Chhattisgarh,6.51,1.24,425.0,6.51,16.010000000000012,18.50000000000001,32.0,55,974.3,9.8,1.0
2019-08-12,19,West Bengal,7.82,11.99,-34.78,7.82,12.060000000000027,67.26,27.9,90,995.9,7.7,1.0
2016-08-14,22,Chhattisgarh,5.03,14.43,-65.14,5.03,41.46000000000004,67.34,26.5,83,968.4,14.8,0.0
2010-05-13,18,Assam,22.13,9.86,124.44,22.13,44.6,83.67999999999999,25.8,87,997.4,6.6,0.0
2013-08-22,18,Assam,7.04,13.15,-46.46,7.04,12.489999999999991,44.28,28.4,82,996.0,4.1,1.0
2010-08-01,19,West Bengal,18.81,11.7,60.77,18.81,49.50000000000003,70.73,26.9,91,1001.5,10.2,0.0
2009-08-29,29,Karnataka,3.13,4.75,-34.11,3.13,10.299999999999994,56.53999999999999,22.5,77,910.3,14.9,0.0
2016-09-17,29,Karnataka,3.47,6.99,-50.36,3.47,28.909999999999982,43.680000000000014,22.8,74,909.8,16.5,0.0
2020-06-01,9,Uttar Pradesh,1.93,0.88,119.32,1.93,10.169999999999972,11.989999999999997,28.7,69,993.1,7.7,1.0
2011-06-15,9,Uttar Pradesh,6.22,2.26,175.22,6.22,11.979999999999997,21.870000000000005,29.9,72,985.0,8.0,1.0
2009-07-01,18,Assam,16.46,14.28,15.27,16.46,48.370000000000005,87.83,26.4,95,995.2,3.5,1.0
2015-07-07,12,Arunachal Pradesh,0.21,20.22,-98.96,0.21,31.58,94.13999999999996,27.9,81,968.2,5.1,1.0
2020-06-01,10,Bihar,1.32,2.6,-49.23,1.32,10.930000000000026,17.670000000000012,30.5,69,999.4,8.0,1.0
2013-06-19,9,Uttar Pradesh,14.31,2.48,477.02,14.31,78.81999999999998,88.27000000000001,28.4,80,985.7,6.2,0.0
2012-08-21,2,Himachal Pradesh,9.84,8.01,22.85,9.84,30.059999999999988,58.01999999999998,16.7,95,780.9,4.6,1.0
2011-02-27,28,Andhra Pradesh,0.05,0.09,-44.44,0.05,0.12,12.929999999999978,25.7,72,1007.0,7.6,0.0
2019-07-14,2,Himachal Pradesh,8.52,9.45,-9.84,8.52,21.0,43.74999999999999,16.1,92,778.2,5.2,1.0
2016-06-25,18,Assam,11.24,13.64,-17.6,11.24,55.91999999999999,104.55,27.3,90,998.5,4.8,1.0
2012-06-26,18,Assam,56.75,14.28,297.41,56.75,89.91999999999999,158.72,27.0,92,990.6,7.5,1.0
2018-09-25,22,Chhattisgarh,1.4,5.48,-74.45,1.4,1.8700000000000248,49.65000000000001,27.4,82,975.6,7.6,0.0
2020-10-14,20,Jharkhand,0.01,2.09,-99.52,0.01,0.4499999999999627,15.180000000000025,24.6,83,936.8,11.0,0.0
2020-10-01,29,Karnataka,9.09,5.99,51.75,9.09,18.12999999999998,53.58000000000002,22.1,81,909.7,13.1,1.0
2010-01-05,5,Uttarakhand,0.02,1.71,-98.83,0.02,0.8300000000000142,0.83,7.5,69,776.7,4.7,0.0
2013-01-29,9,Uttar Pradesh,0.0,1.45,-100.0,0.0,0.0,0.0,14.4,75,1001.9,7.6,0.0
2013-07-17,5,Uttarakhand,16.66,14.57,14.34,16.66,39.45999999999998,105.51,18.8,86,778.6,3.6,0.0
2015-07-07,5,Uttarakhand,17.47,14.29,22.25,17.47,37.93999999999998,88.50999999999999,17.5,84,777.3,3.0,1.0
2010-05-18,28,Andhra Pradesh,0.02,2.8,-99.29,0.02,0.269999999999996,0.6599999999999946,32.6,62,997.6,10.6,1.0
2012-12-23,29,Karnataka,0.0,0.15,-100.0,0.0,0.0,0.0,19.9,66,912.6,10.2,0.0
2010-09-09,6,Haryana,17.25,3.79,355.15,17.25,43.23,70.44,27.6,85,978.9,11.8,1.0
2019-07-14,29,Karnataka,3.72,9.59,-61.21,3.72,12.459999999999969,52.73000000000001,23.9,76,911.4,13.6,1.0
2013-04-23,29,Karnataka,0.18,1.74,-89.66,0.18,0.1799999999999786,0.3399999999999928,26.6,59,912.6,6.6,0.0
2014-08-16,10,Bihar,8.9,8.62,3.25,8.9,115.09,155.88000000000002,27.7,86,997.0,7.4,1.0
2016-07-15,10,Bihar,15.01,10.6,41.6,15.01,24.10000000000001,39.81000000000002,29.0,86,992.8,5.0,1.0
2013-06-12,10,Bihar,0.04,5.55,-99.28,0.04,0.9399999999999856,24.73,31.7,67,992.4,13.3,1.0
2013-01-10,20,Jharkhand,0.0,0.82,-100.0,0.0,0.0,0.0,14.3,50,940.9,10.1,0.0
2018-08-07,19,West Bengal,12.02,10.46,14.91,12.02,40.86000000000003,87.82000000000002,27.5,86,995.9,20.3,1.0
2010-09-18,9,Uttar Pradesh,19.55,4.56,328.73,19.55,55.02,103.38,25.5,92,989.4,13.5,1.0
2016-04-22,18,Assam,29.88,5.9,406.44,29.88,81.80999999999997,146.86,23.5,86,998.2,17.5,1.0
2019-07-16,12,Arunachal Pradesh,33.63,21.75,54.62,33.63,82.81,290.91,25.3,88,969.5,5.7,0.0
2013-06-12,29,Karnataka,7.11,5.86,21.33,7.11,18.139999999999976,42.42999999999999,21.3,88,906.1,18.4,1.0
2010-09-18,10,Bihar,5.98,7.35,-18.64,5.98,43.55,84.61,26.8,86,996.9,18.0,1.0
2019-07-14,19,West Bengal,23.03,14.27,61.39,23.03,66.05000000000003,124.0,30.6,78,998.8,14.9,1.0
2014-11-18,12,Arunachal Pradesh,0.0,0.76,-100.0,0.0,0.1299999999999858,3.089999999999979,21.2,72,982.3,3.2,0.0
2012-08-31,9,Uttar Pradesh,4.77,7.11,-32.91,4.77,22.999999999999982,58.45,27.9,88,988.5,6.4,0.0
2013-08-22,9,Uttar Pradesh,10.4,9.1,14.29,10.4,17.36,57.18,27.3,82,987.3,14.1,1.0
2018-09-23,6,Haryana,12.95,2.53,411.86,12.95,29.01999999999998,29.03,25.5,88,983.2,17.2,1.0
2019-04-05,9,Uttar Pradesh,0.0,0.03,-100.0,0.0,0.0,0.0699999999999964,29.7,46,994.6,9.9,0.0
2015-12-21,12,Arunachal Pradesh,0.04,0.18,-77.78,0.04,2.729999999999997,7.439999999999985,13.9,74,984.1,5.2,0.0
2015-04-23,2,Himachal Pradesh,0.06,1.3,-95.38,0.06,7.63,13.169999999999972,13.6,52,781.8,5.5,0.0
2014-07-16,2,Himachal Pradesh,25.06,10.27,144.01,25.06,47.18999999999998,58.62999999999997,17.8,91,780.4,5.2,1.0
2014-07-25,6,Haryana,0.51,6.13,-91.68,0.51,2.6599999999999824,13.839999999999996,29.8,66,976.8,11.9,0.0
2014-02-28,19,West Bengal,5.12,0.6,753.33,5.12,5.260000000000014,5.38,22.5,74,1013.8,9.3,0.0
2009-07-01,19,West Bengal,30.69,13.62,125.33,30.69,56.420000000000016,85.92,28.6,87,999.6,15.9,1.0
2018-10-13,9,Uttar Pradesh,0.01,2.86,-99.65,0.01,2.499999999999971,2.5399999999999965,26.4,67,997.9,6.8,0.0
2012-11-14,12,Arunachal Pradesh,0.0,0.48,-100.0,0.0,0.0,0.0,19.5,63,978.8,3.7,0.0
2018-09-01,9,Uttar Pradesh,20.47,8.23,148.72,20.47,43.65999999999997,84.44,27.5,89,987.9,8.9,1.0
2015-07-14,12,Arunachal Pradesh,16.38,22.72,-27.9,16.38,27.78,39.76999999999997,26.5,93,967.3,3.5,1.0
2010-07-19,9,Uttar Pradesh,26.46,11.29,134.37,26.46,33.82,61.28000000000001,27.7,94,985.8,8.0,0.0
2012-06-12,22,Chhattisgarh,0.1,4.87,-97.95,0.1,3.6999999999999855,6.03,34.2,46,967.2,9.7,0.0
2016-07-15,9,Uttar Pradesh,11.68,11.51,1.48,11.68,18.02999999999999,33.459999999999994,28.4,89,985.7,4.5,1.0
2018-08-07,2,Himachal Pradesh,25.23,10.09,150.05,25.23,59.370000000000005,73.48999999999997,15.9,97,780.2,2.2,1.0
2015-07-07,2,Himachal Pradesh,7.27,7.17,1.39,7.27,25.43,33.89999999999997,16.7,92,779.4,3.7,1.0
2019-04-23,5,Uttarakhand,0.0,1.35,-100.0,0.0,2.209999999999975,20.760000000000005,15.4,68,783.8,5.8,0.0
2016-06-25,12,Arunachal Pradesh,4.17,18.14,-77.01,4.17,35.43999999999999,155.57999999999998,26.8,88,972.5,3.0,1.0
2010-09-09,9,Uttar Pradesh,2.27,7.57,-70.01,2.27,14.269999999999994,59.040000000000006,27.7,85,989.6,16.5,1.0
2020-06-01,19,West Bengal,10.27,7.32,40.3,10.27,20.63000000000003,67.35,29.3,83,1005.8,13.9,1.0
2011-04-01,9,Uttar Pradesh,0.0,0.22,-100.0,0.0,3.089999999999997,3.390000000000008,27.0,35,993.9,9.9,0.0
2019-08-02,20,Jharkhand,1.52,11.41,-86.68,1.52,5.549999999999972,56.95000000000003,25.2,88,929.6,8.3,0.0
2014-02-27,12,Arunachal Pradesh,0.66,2.72,-75.74,0.66,0.9599999999999822,3.669999999999993,18.5,78,981.1,3.6,0.0
2017-02-15,5,Uttarakhand,0.0,1.59,-100.0,0.0,0.0,0.0,11.6,52,787.1,3.9,0.0
2020-06-01,12,Arunachal Pradesh,13.16,13.35,-1.42,13.16,18.98,112.85999999999996,24.2,87,975.1,4.6,1.0
2014-08-16,18,Assam,20.61,9.05,127.73,20.61,82.02999999999999,132.2,25.0,95,998.3,7.1,1.0
2020-09-08,10,Bihar,9.18,9.41,-2.44,9.18,24.410000000000025,45.540000000000006,28.8,90,998.5,5.5,0.0
2012-07-13,10,Bihar,11.41,10.75,6.14,11.41,36.71,68.17,28.5,87,993.9,7.1,0.0
2020-10-01,28,Andhra Pradesh,13.13,5.38,144.05,13.13,29.33,75.57999999999996,28.2,80,998.3,11.8,1.0
2017-06-04,18,Assam,18.88,11.9,58.66,18.88,60.22999999999999,110.26,26.3,88,996.4,5.0,1.0
2009-07-01,29,Karnataka,3.11,11.32,-72.53,3.11,6.449999999999996,17.859999999999996,22.5,80,909.3,19.8,1.0
2015-09-29,9,Uttar Pradesh,0.0,3.73,-100.0,0.0,0.0,5.869999999999993,28.0,64,996.1,5.2,0.0
2013-11-03,19,West Bengal,0.15,0.61,-75.41,0.15,0.9300000000000144,4.22,24.7,73,1012.8,5.5,0.0
2016-04-22,12,Arunachal Pradesh,38.73,6.89,462.12,38.73,91.99,132.92,20.5,94,972.6,6.8,1.0
2010-01-08,20,Jharkhand,0.0,0.42,-100.0,0.0,0.0,0.0,14.1,68,942.0,5.6,0.0
2016-09-21,28,Andhra Pradesh,11.62,5.98,94.31,11.62,16.619999999999997,42.349999999999966,25.1,94,998.7,8.7,1.0
2015-03-08,22,Chhattisgarh,0.0,0.24,-100.0,0.0,0.0100000000000284,12.749999999999998,24.9,49,980.0,5.5,0.0
2019-07-14,9,Uttar Pradesh,12.47,10.4,19.9,12.47,47.769999999999975,165.78,31.3,65,984.1,16.2,1.0
2017-08-11,9,Uttar Pradesh,12.81,10.54,21.54,12.81,29.729999999999976,55.88999999999999,28.2,85,985.4,17.2,1.0
2011-07-27,19,West Bengal,5.1,12.64,-59.65,5.1,8.610000000000028,53.11,28.6,80,1003.2,8.7,0.0
2013-06-12,9,Uttar Pradesh,4.9,1.42,245.07,4.9,16.51999999999999,24.300000000000008,32.0,65,985.4,10.2,1.0
2009-05-01,19,West Bengal,2.57,3.52,-26.99,2.57,7.960000000000001,7.979999999999999,30.8,71,1003.4,20.0,0.0
2019-07-14,5,Uttarakhand,14.81,14.29,3.64,14.81,50.03999999999998,111.86,16.9,93,777.0,9.3,1.0
2009-08-07,28,Andhra Pradesh,0.23,3.73,-93.83,0.23,1.919999999999997,5.3100000000000005,33.7,41,997.4,11.6,0.0
2011-01-29,19,West Bengal,0.0,0.46,-100.0,0.0,0.0200000000000284,0.0199999999999964,20.7,61,1013.2,5.3,0.0
2009-09-03,10,Bihar,1.93,7.35,-73.74,1.93,10.169999999999993,31.120000000000005,29.6,80,995.2,7.6,0.0
2013-04-30,5,Uttarakhand,0.03,1.83,-98.36,0.03,0.0299999999999786,7.1,16.5,52,782.3,5.6,0.0
2020-06-01,29,Karnataka,9.17,4.35,110.8,9.17,20.42999999999997,31.170000000000016,24.6,80,911.9,10.0,1.0
2014-07-16,5,Uttarakhand,43.71,11.81,270.11,43.71,74.29999999999998,102.52,17.3,94,778.1,2.4,1.0
2011-06-19,28,Andhra Pradesh,0.07,2.41,-97.1,0.07,0.41,11.929999999999978,33.0,46,994.1,19.6,0.0
2015-07-07,9,Uttar Pradesh,12.79,9.59,33.37,12.79,37.16,46.78,27.3,89,985.6,6.5,1.0
2009-09-02,29,Karnataka,14.0,4.95,182.83,14.0,34.18999999999999,47.08999999999999,21.1,88,908.5,17.6,0.0
2014-11-05,12,Arunachal Pradesh,1.03,3.52,-70.74,1.03,3.599999999999985,3.9299999999999775,22.7,65,978.8,5.2,0.0
2009-07-01,10,Bihar,19.93,11.29,76.53,19.93,54.36,68.3,28.3,87,992.7,7.8,1.0
2013-06-12,5,Uttarakhand,11.51,4.15,177.35,11.51,41.37999999999998,57.5,19.0,80,779.7,4.0,1.0
2011-07-08,6,Haryana,10.35,5.29,95.65,10.35,14.369999999999994,17.64999999999999,29.2,79,978.2,12.6,0.0
2013-06-12,2,Himachal Pradesh,16.11,2.61,517.24,16.11,34.19999999999999,44.16999999999998,17.7,89,781.6,4.0,1.0
2019-07-21,19,West Bengal,8.61,12.02,-28.37,8.61,19.040000000000028,47.43000000000001,30.1,78,1001.8,13.9,0.0
2014-08-16,5,Uttarakhand,44.74,15.16,195.12,44.74,93.98,126.25,16.5,94,779.7,4.2,1.0
2011-08-10,19,West Bengal,16.71,11.59,44.18,16.71,48.02000000000003,81.27000000000001,26.5,94,999.8,11.0,1.0
2017-01-28,12,Arunachal Pradesh,0.04,3.91,-98.98,0.04,0.0399999999999928,0.0399999999999862,16.7,72,980.2,3.7,0.0
2017-06-04,20,Jharkhand,0.33,3.36,-90.18,0.33,6.32999999999998,27.39000000000004,32.9,37,931.8,15.8,1.0
2015-07-07,6,Haryana,12.68,4.1,209.27,12.68,18.28999999999997,20.69,27.6,85,974.1,8.7,1.0
2011-04-25,5,Uttarakhand,0.0,1.26,-100.0,0.0,0.0,0.7000000000000001,15.4,46,780.5,6.5,0.0
2019-02-13,20,Jharkhand,0.0,0.53,-100.0,0.0,0.0,8.310000000000027,18.6,58,946.0,5.1,0.0
2013-10-21,28,Andhra Pradesh,8.37,5.15,62.52,8.37,13.809999999999992,17.819999999999975,25.0,91,1001.5,7.7,1.0
2018-08-07,9,Uttar Pradesh,6.47,9.34,-30.73,6.47,23.349999999999973,94.97,28.0,88,985.3,7.9,1.0
2019-11-19,19,West Bengal,0.0,0.99,-100.0,0.0,0.0,0.0,23.3,75,1011.9,4.7,0.0
2011-06-26,9,Uttar Pradesh,5.47,5.68,-3.7,5.47,10.339999999999996,44.48,29.6,79,982.7,10.2,0.0
2020-09-25,20,Jharkhand,6.44,4.58,40.61,6.44,28.61999999999996,67.11000000000003,25.1,85,933.3,14.5,0.0
2009-01-30,22,Chhattisgarh,0.0,0.66,-100.0,0.0,0.0,0.0,24.5,49,978.9,5.6,0.0
2009-11-13,10,Bihar,0.85,0.02,4150.0,0.85,0.8799999999999927,1.61,25.7,70,1005.4,6.4,0.0
2016-12-15,20,Jharkhand,0.0,0.25,-100.0,0.0,0.0,0.0,16.7,62,943.0,12.3,0.0
2017-11-01,2,Himachal Pradesh,0.0,0.65,-100.0,0.0,0.0,0.0,9.1,82,785.9,4.7,0.0
2020-06-01,18,Assam,16.64,10.62,56.69,16.64,30.89999999999997,144.64999999999998,25.1,87,1001.5,4.7,1.0
2018-01-13,10,Bihar,0.0,0.32,-100.0,0.0,0.0,0.0,13.2,84,1008.4,8.4,0.0
2011-01-30,29,Karnataka,0.0,0.14,-100.0,0.0,0.0,0.0,20.7,51,913.1,13.6,0.0
2015-08-13,18,Assam,7.86,9.36,-16.03,7.86,26.519999999999985,63.190000000000005,28.2,86,998.7,6.1,1.0
2019-05-05,28,Andhra Pradesh,0.2,0.93,-78.49,0.2,5.549999999999996,8.94999999999996,35.7,42,1001.0,11.3,0.0
2010-04-15,5,Uttarakhand,0.0,1.25,-100.0,0.0,0.0,0.0,19.3,24,784.7,6.7,0.0
