DisNo.,Historic,Classification Key,Disaster Group,Disaster Subgroup,Disaster Type,Disaster Subtype,External IDs,Event Name,ISO,Country,Subregion,Region,Location,Origin,Associated Types,OFDA/BHA Response,Appeal,Declaration,AID Contribution ('000 US$),Magnitude,Magnitude Scale,Latitude,Longitude,River Basin,Start Year,Start Month,Start Day,End Year,End Month,End Day,Total Deaths,No. Injured,No. Affected,No. Homeless,Total Affected,Reconstruction Costs ('000 US$),"Reconstruction Costs, Adjusted ('000 US$)",Insured Damage ('000 US$),"Insured Damage, Adjusted ('000 US$)",Total Damage ('000 US$),"Total Damage, Adjusted ('000 US$)",CPI,Admin Units,Entry Date,Last Update
2009-0303-IND,No,nat-hyd-flo-fla,Natural,Hydrological,Flood,Flash flood,,,IND,India,Southern Asia,Asia,Delhi province,Torrential rain,,No,No,No,,,Km2,,,,2009,7.0,29.0,2009,7.0,29.0,11.0,,,,,,,,,,,70.40886176,"[{""adm1_code"":1489,""adm1_name"":""Delhi""}]",2009-08-13,2023-09-25
2009-0409-IND,No,nat-hyd-flo-riv,Natural,Hydrological,Flood,Riverine flood,GLIDE:FL-2009-000194,,IND,India,Southern Asia,Asia,"Bihar, Orissa, West Bengal, Assam, Kerala, Gujarat, Karnataka provinces",Monsoon rain,,No,No,No,,,Km2,,,,2009,7.0,,2009,9.0,,992.0,,1886000.0,,1886000.0,,,,,220000.0,312461.0,70.40886176,"[{""adm1_code"":1487,""adm1_name"":""Assam""},{""adm1_code"":1491,""adm1_name"":""Gujarat""},{""adm1_code"":1494,""adm1_name"":""Karnataka""},{""adm1_code"":1495,""adm1_name"":""Kerala""},{""adm1_code"":1504,""adm1_name"":""Orissa""},{""adm1_code"":1511,""adm1_name"":""West Bengal""},{""adm1_code"":70073,""adm1_name"":""Bihar""}]",2010-03-05,2023-09-25
2009-0429-IND,No,nat-hyd-flo-riv,Natural,Hydrological,Flood,Riverine flood,GLIDE:FL-2009-000217,,IND,India,Southern Asia,Asia,"Belgaum, Gulbarga, Bijapur, Raichur, Dharwad, Bagalkot, Bellary, Koppal, Haveri, Bidar, Gadag, Davanegere, Uttar Kannand, Dakshin Kannad districts (Karnataka province), Kurnool, Mahbubnagar, Karimnagar, Anantapur, Krishna, Cuddapah, Guntur, Khammam, Nalgonda districts (Andhra Pradesh province), Maharashtra province",Torrential rains,,Yes,No,No,728.0,309700.0,Km2,15.71,78.23,Tungabhadra and Krishna rivers,2009,9.0,25.0,2009,10.0,12.0,355.0,,4100000.0,,4100000.0,,,51000.0,72434.0,2150000.0,3053593.0,70.40886176,"[{""adm1_code"":1498,""adm1_name"":""Maharashtra""},{""adm2_code"":17548,""adm2_name"":""Anantapur""},{""adm2_code"":17550,""adm2_name"":""Cuddapah""},{""adm2_code"":17552,""adm2_name"":""Guntur""},{""adm2_code"":17554,""adm2_name"":""Karimnagar""},{""adm2_code"":17555,""adm2_name"":""Khammam""},{""adm2_code"":17556,""adm2_name"":""Krishna""},{""adm2_code"":17557,""adm2_name"":""Kurnool""},{""adm2_code"":17558,""adm2_name"":""Mahbubnagar""},{""adm2_code"":17560,""adm2_name"":""Nalgonda""},{""adm2_code"":17679,""adm2_name"":""Belgaum""},{""adm2_code"":17680,""adm2_name"":""Bellary""},{""adm2_code"":17681,""adm2_name"":""Bidar""},{""adm2_code"":17682,""adm2_name"":""Bijapur""},{""adm2_code"":17685,""adm2_name"":""Dakshin Kannad""},{""adm2_code"":17686,""adm2_name"":""Dharwad""},{""adm2_code"":17687,""adm2_name"":""Gulbarga""},{""adm2_code"":17693,""adm2_name"":""Raichur""},{""adm2_code"":17696,""adm2_name"":""Uttar Kannand""},{""adm2_code"":70157,""adm2_name"":""Bagalkot""},{""adm2_code"":70162,""adm2_name"":""Davanagere""},{""adm2_code"":70163,""adm2_name"":""Gadag""},{""adm2_code"":70164,""adm2_name"":""Haveri""},{""adm2_code"":70165,""adm2_name"":""Koppal""}]",2014-05-12,2023-09-25
2009-0443-IND,No,nat-hyd-flo-riv,Natural,Hydrological,Flood,Riverine flood,,,IND,India,Southern Asia,Asia,Jainta Hills district (Meghalaya province),Torrential rain,Broken Dam/Burst bank,No,No,No,,,Km2,,,,2009,10.0,9.0,2009,10.0,9.0,20.0,,,,,,,,,,,70.40886176,"[{""adm2_code"":17795,""adm2_name"":""Jaintia Hills""}]",2009-10-16,2023-09-25
2009-0483-IND,No,nat-hyd-flo-riv,Natural,Hydrological,Flood,Riverine flood,,,IND,India,Southern Asia,Asia,"Ooty, Coonoor cities (Nilgiris district, Tamil Nadu)",Heavy rains,"Slide (land, mud, snow, rock)",No,No,No,,35730.0,Km2,11.47,77.85,,2009,11.0,3.0,2009,11.0,8.0,70.0,8.0,,,8.0,,,,,64000.0,90898.0,70.40886176,"[{""adm2_code"":17873,""adm2_name"":""Nilgiris""}]",2010-03-05,2023-09-25
2009-0638-IND,No,nat-hyd-flo-riv,Natural,Hydrological,Flood,Riverine flood,,,IND,India,Southern Asia,Asia,"Darbhanga, Purnia, Sitamarhi, Saharsa, Madhubani districts (Bihar province)",Heavy rains,,No,No,No,,,Km2,,,,2009,8.0,26.0,2009,8.0,28.0,52.0,,,,,,,,,,,70.40886176,"[{""adm2_code"":17598,""adm2_name"":""Darbhanga""},{""adm2_code"":17611,""adm2_name"":""Madhubani""},{""adm2_code"":17621,""adm2_name"":""Purnia""},{""adm2_code"":17624,""adm2_name"":""Saharsa""},{""adm2_code"":17630,""adm2_name"":""Sitamarhi""}]",2010-03-05,2023-09-25
2010-0276-IND,No,nat-hyd-flo-riv,Natural,Hydrological,Flood,Riverine flood,,,IND,India,Southern Asia,Asia,"Ambala, Kurukshetra districts (Haryana province), Punjab, Kerala provinces",Monsoonal rains,,No,No,No,,147437.0,Km2,30.18,74.77,,2010,7.0,5.0,2010,7.0,15.0,53.0,,,400000.0,400000.0,,,,,447000.0,624619.0,71.56359558,"[{""adm1_code"":1495,""adm1_name"":""Kerala""},{""adm1_code"":1505,""adm1_name"":""Punjab""},{""adm2_code"":17654,""adm2_name"":""Ambala""},{""adm2_code"":17661,""adm2_name"":""Kurukshetra""}]",2011-03-15,2023-09-25
2010-0283-IND,No,nat-hyd-flo-riv,Natural,Hydrological,Flood,Riverine flood,GLIDE:TC-2010-000097,,IND,India,Southern Asia,Asia,Andhra Pradesh province,,,No,No,No,,63170.0,Km2,15.22,79.48,,2010,5.0,18.0,2010,5.0,24.0,27.0,,50000.0,,50000.0,,,,,,,71.56359558,"[{""adm1_code"":1485,""adm1_name"":""Andhra Pradesh""}]",2010-07-15,2023-09-25
2010-0321-IND,No,nat-hyd-flo-riv,Natural,Hydrological,Flood,Riverine flood,,,IND,India,Southern Asia,Asia,Delhi province,Heavy rains,,No,No,No,,,Km2,,,,2010,7.0,13.0,2010,7.0,13.0,11.0,,,,,,,,,,,71.56359558,"[{""adm1_code"":1489,""adm1_name"":""Delhi""}]",2010-07-27,2023-09-25
2010-0373-IND,No,nat-hyd-flo-fla,Natural,Hydrological,Flood,Flash flood,,,IND,India,Southern Asia,Asia,"Leh, Cholglamsar villages (72785 district, Jammu and Kashmir province)",Heavy rains,"Slide (land, mud, snow, rock)",Yes,No,No,,145000.0,Km2,33.53,76.12,,2010,8.0,6.0,2010,8.0,8.0,196.0,225.0,12500.0,,12725.0,,,,,,,71.56359558,"[{""adm2_code"":72785,""adm2_name"":""Administrative unit not available""}]",2014-07-28,2023-09-25
2010-0416-IND,No,nat-hyd-flo-riv,Natural,Hydrological,Flood,Riverine flood,,,IND,India,Southern Asia,Asia,Lakhimpur district (Assam province),Monsoonal rain,,No,No,No,,12555.0,Km2,26.235,92.25,Singora,2010,9.0,5.0,2010,9.0,17.0,,,30000.0,,30000.0,,,,,,,71.56359558,"[{""adm2_code"":70091,""adm2_name"":""Lakhimpur""}]",2011-01-10,2023-09-25
2010-0492-IND,No,nat-hyd-flo-riv,Natural,Hydrological,Flood,Riverine flood,,,IND,India,Southern Asia,Asia,"Almora, Naini Tal districts (Uttarakhand province), Bihar, Uttar Pradesh provinces",Monsoonal rains,"Slide (land, mud, snow, rock)",No,No,No,,38537.0,Km2,26.73,82.84,,2010,9.0,18.0,2010,9.0,30.0,200.0,,3267183.0,,3267183.0,,,,,1680000.0,2347562.0,71.56359558,"[{""adm1_code"":70073,""adm1_name"":""Bihar""},{""adm1_code"":70081,""adm1_name"":""Uttar Pradesh""},{""adm2_code"":70280,""adm2_name"":""Almora""},{""adm2_code"":70285,""adm2_name"":""Naini Tal""}]",2010-10-06,2023-09-25
2010-0493-IND,No,nat-hyd-flo-riv,Natural,Hydrological,Flood,Riverine flood,,,IND,India,Southern Asia,Asia,"Punjab, Haryana, Uttar Pradesh provinces",Monsoonal rains,,No,No,No,,10843.0,Km2,25.965,76.05,Ganges,2010,9.0,9.0,2010,9.0,9.0,,,12500.0,,12500.0,,,,,,,71.56359558,"[{""adm1_code"":1492,""adm1_name"":""Haryana""},{""adm1_code"":1505,""adm1_name"":""Punjab""},{""adm1_code"":70081,""adm1_name"":""Uttar Pradesh""}]",2010-10-06,2023-09-25
2010-0629-IND,No,nat-hyd-flo-riv,Natural,Hydrological,Flood,Riverine flood,,,IND,India,Southern Asia,Asia,"Chennai, Cuddalore, Nagapattinam, Pudukottai, Ramanthapuram, Thanjavur, Thiruvallur, Villupuram, Thoothukudi, Tirunelveli Kattabo districts (Tamil Nadu province)",Monsoonal rain,,No,No,No,,57474.0,Km2,9.88,78.47,,2010,11.0,15.0,2010,12.0,7.0,203.0,,,,,,,,,22000.0,30742.0,71.56359558,"[{""adm2_code"":17866,""adm2_name"":""Thoothukudi""},{""adm2_code"":17876,""adm2_name"":""Pudukkottai""},{""adm2_code"":17878,""adm2_name"":""Ramanathapuram""},{""adm2_code"":17881,""adm2_name"":""Thanjavur""},{""adm2_code"":17884,""adm2_name"":""Tirunelveli Kattabo""},{""adm2_code"":70242,""adm2_name"":""Chennai""},{""adm2_code"":70243,""adm2_name"":""Cuddalore""},{""adm2_code"":70247,""adm2_name"":""Nagapattinam""},{""adm2_code"":70251,""adm2_name"":""Thiruvallur""},{""adm2_code"":70255,""adm2_name"":""Villupuram""}]",2011-01-06,2023-09-25
2011-0327-IND,No,nat-hyd-flo-riv,Natural,Hydrological,Flood,Riverine flood,,,IND,India,Southern Asia,Asia,West Bengal province,Mosnoonal rains,,No,No,No,,28684.0,Km2,22.306,88.34,,2011,8.0,10.0,2011,9.0,13.0,47.0,,700000.0,,700000.0,,,,,275000.0,372514.0,73.82275086,"[{""adm1_code"":1511,""adm1_name"":""West Bengal""}]",2011-11-07,2023-09-25
2011-0371-IND,No,nat-hyd-flo-riv,Natural,Hydrological,Flood,Riverine flood,GLIDE:FL-2011-000138,,IND,India,Southern Asia,Asia,"Angul, Baleshwar, Baragarh, Bhadrak, Boudh, Cuttack, Deogarh, Dhenkanal, Jajpur, Jagatsinghpur, Jharsuguda, Kendrapara, Khordha, Mayurbhanj, Nayagarh, Nuapada, Puri, Sambalpur districts (Orissa province)",Monsoonal rains,,Yes,No,No,,27751.0,Km2,20.651,86.0,,2011,9.0,23.0,2011,10.0,23.0,239.0,,3443989.0,,3443989.0,,,,,930000.0,1259774.0,73.82275086,"[{""adm2_code"":17809,""adm2_name"":""Cuttack""},{""adm2_code"":17810,""adm2_name"":""Dhenkanal""},{""adm2_code"":17816,""adm2_name"":""Mayurbhanj""},{""adm2_code"":17818,""adm2_name"":""Puri""},{""adm2_code"":17819,""adm2_name"":""Sambalpur""},{""adm2_code"":70206,""adm2_name"":""Angul""},{""adm2_code"":70207,""adm2_name"":""Baleshwar""},{""adm2_code"":70208,""adm2_name"":""Baragarh""},{""adm2_code"":70209,""adm2_name"":""Bhadrak""},{""adm2_code"":70211,""adm2_name"":""Boudh""},{""adm2_code"":70212,""adm2_name"":""Deogarh""},{""adm2_code"":70214,""adm2_name"":""Jagatsinghpur""},{""adm2_code"":70215,""adm2_name"":""Jajpur""},{""adm2_code"":70216,""adm2_name"":""Jharsuguda""},{""adm2_code"":70218,""adm2_name"":""Kendrapara""},{""adm2_code"":70219,""adm2_name"":""Khordha""},{""adm2_code"":70222,""adm2_name"":""Nayagarh""},{""adm2_code"":70223,""adm2_name"":""Nuapada""}]",2014-07-28,2023-09-25
2011-0422-IND,No,nat-hyd-flo-riv,Natural,Hydrological,Flood,Riverine flood,,,IND,India,Southern Asia,Asia,"Dhemaji district (Assam province), East Garo Hills, South Garo Hills, West Garo Hills districts (Meghalaya province)",Monsoonal rain,,No,No,No,,50117.0,Km2,26.59,92.18,,2011,8.0,15.0,2011,9.0,8.0,7.0,,11000.0,,11000.0,,,,,,,73.82275086,"[{""adm2_code"":70087,""adm2_name"":""Dhemaji""},{""adm2_code"":17793,""adm2_name"":""East Garo Hills""},{""adm2_code"":17796,""adm2_name"":""West Garo Hills""},{""adm2_code"":70198,""adm2_name"":""South Garo Hills""}]",2011-11-07,2023-09-25
2011-0424-IND,No,nat-hyd-flo-riv,Natural,Hydrological,Flood,Riverine flood,,,IND,India,Southern Asia,Asia,"Barpeta, Bongaigaon, Darrang, Dhemaji, Dhuburi, Golaghat, Jorhat, Karbi Anglong, Sibsagar, Lakhimpur, Nagaon, Sonitpur districts, (Assam province), Begusarai, Bhagalpur, Bhojpur, Buxar, Gopalganj, Katihar, Khagaria, Kishanganj, Lakhisarai, Madhubani, Madhepura, Muzaffarpur, Patna, Purnia, Samastipur, Saran, Saharsa, Sitamarhi, Supaul, Vaishali, Pashchim Champaran districts (Bihar province), Azamgarh, Aligarh, Ambedkar Nagar, Badaun, Ballia, Bara Banki, Bahraich, Bareilly, Bijnor, Faizabad, Farrukhabad, Ghazipur, Gonda, Gorakhpur, Hardoi, Jyotiba Phule Nagar, Kannauj, Kanpur, Kushinagar, Lakhimpur Kheri, Meerut, Muzaffarnagar, Moradabad, Pilibhit, Rampur, Shahjahanpur, Sitapur, Unnao districts (Uttar Pradesh province)",Monsoonal rain,,No,No,No,5222.0,40941.0,Km2,26.376,86.24,"Bagmati, Burgi, Dhansiri, Gandak, Ganges, Ghanghra, Kosi, Pupun rivers",2011,8.0,15.0,2011,10.0,2.0,204.0,,5549080.0,,5549080.0,,,,,,,73.82275086,"[{""adm2_code"":17576,""adm2_name"":""Barpeta""},{""adm2_code"":17578,""adm2_name"":""Darrang""},{""adm2_code"":17579,""adm2_name"":""Dhuburi""},{""adm2_code"":17582,""adm2_name"":""Golaghat""},{""adm2_code"":17584,""adm2_name"":""Karbi Anglong""},{""adm2_code"":17589,""adm2_name"":""Nagaon""},{""adm2_code"":17592,""adm2_name"":""Sibsagar""},{""adm2_code"":17593,""adm2_name"":""Sonitpur""},{""adm2_code"":70086,""adm2_name"":""Bongaigaon""},{""adm2_code"":70087,""adm2_name"":""Dhemaji""},{""adm2_code"":70089,""adm2_name"":""Jorhat""},{""adm2_code"":70091,""adm2_name"":""Lakhimpur""},{""adm2_code"":17595,""adm2_name"":""Begusarai""},{""adm2_code"":17596,""adm2_name"":""Bhagalpur""},{""adm2_code"":17604,""adm2_name"":""Gopalganj""},{""adm2_code"":17608,""adm2_name"":""Katihar""},{""adm2_code"":17609,""adm2_name"":""Khagaria""},{""adm2_code"":17611,""adm2_name"":""Madhubani""},{""adm2_code"":17612,""adm2_name"":""Madhepura""},{""adm2_code"":17613,""adm2_name"":""Muzaffarpur""},{""adm2_code"":17618,""adm2_name"":""Pashchim Champaran""},{""adm2_code"":17619,""adm2_name"":""Patna""},{""adm2_code"":17621,""adm2_name"":""Purnia""},{""adm2_code"":17624,""adm2_name"":""Saharsa""},{""adm2_code"":17626,""adm2_name"":""Samastipur""},{""adm2_code"":17628,""adm2_name"":""Saran""},{""adm2_code"":17630,""adm2_name"":""Sitamarhi""},{""adm2_code"":17632,""adm2_name"":""Vaishali""},{""adm2_code"":70097,""adm2_name"":""Bhojpur""},{""adm2_code"":70098,""adm2_name"":""Buxar""},{""adm2_code"":70100,""adm2_name"":""Kishanganj""},{""adm2_code"":70101,""adm2_name"":""Lakhisarai""},{""adm2_code"":70104,""adm2_name"":""Supaul""},{""adm2_code"":17889,""adm2_name"":""Aligarh""},{""adm2_code"":17892,""adm2_name"":""Azamgarh""},{""adm2_code"":17893,""adm2_name"":""Bahraich""},{""adm2_code"":17894,""adm2_name"":""Ballia""},{""adm2_code"":17896,""adm2_name"":""Bara Banki""},{""adm2_code"":17920,""adm2_name"":""Kanpur""},{""adm2_code"":17921,""adm2_name"":""Lakhimpur Kheri""},{""adm2_code"":17926,""adm2_name"":""Meerut""},{""adm2_code"":17928,""adm2_name"":""Moradabad""},{""adm2_code"":17929,""adm2_name"":""Muzaffarnagar""},{""adm2_code"":17931,""adm2_name"":""Pilibhit""},{""adm2_code"":17935,""adm2_name"":""Rampur""},{""adm2_code"":17937,""adm2_name"":""Shahjahanpur""},{""adm2_code"":17938,""adm2_name"":""Sitapur""},{""adm2_code"":17941,""adm2_name"":""Unnao""},{""adm2_code"":70257,""adm2_name"":""Ambedkar Nagar""},{""adm2_code"":70259,""adm2_name"":""Badaun""},{""adm2_code"":70267,""adm2_name"":""Jyotiba Phule Nagar""},{""adm2_code"":70268,""adm2_name"":""Kannauj""},{""adm2_code"":70271,""adm2_name"":""Kushinagar""}]",2011-11-14,2023-09-25
2011-0428-IND,No,nat-hyd-flo-riv,Natural,Hydrological,Flood,Riverine flood,,,IND,India,Southern Asia,Asia,"Gonda, Balrampur, Faizabad, Bara Banki districts (Uttar Pradesh province), Rajasthan province","Monsoonal rains, dam releases",,No,No,No,,85509.0,Km2,28.524,80.93,,2011,7.0,23.0,2011,8.0,9.0,19.0,,200000.0,,200000.0,,,,,,,73.82275086,"[{""adm1_code"":1506,""adm1_name"":""Rajasthan""},{""adm2_code"":17896,""adm2_name"":""Bara Banki""},{""adm2_code"":17907,""adm2_name"":""Faizabad""},{""adm2_code"":17913,""adm2_name"":""Gonda""},{""adm2_code"":70261,""adm2_name"":""Balrampur""}]",2011-11-07,2023-09-25
2011-0473-IND,No,nat-hyd-flo-riv,Natural,Hydrological,Flood,Riverine flood,,,IND,India,Southern Asia,Asia,Orissa province,Monsoonal rains,,No,No,Yes,,,Km2,,,,2011,9.0,5.0,2011,9.0,15.0,42.0,,2100000.0,,2100000.0,,,,,432000.0,585185.0,73.82275086,"[{""adm1_code"":1504,""adm1_name"":""Orissa""}]",2012-01-03,2023-09-25
2011-0647-IND,No,nat-hyd-flo-riv,Natural,Hydrological,Flood,Riverine flood,,,IND,India,Southern Asia,Asia,"Uttar Pradesh, Uttarakhand province",Heavy monsoonal rains,,No,No,No,,,Km2,,,,2011,6.0,15.0,2011,7.0,16.0,50.0,,,,,,,,,20000.0,27092.0,73.82275086,"[{""adm1_code"":70081,""adm1_name"":""Uttar Pradesh""},{""adm1_code"":70082,""adm1_name"":""Uttarakhand""}]",2012-04-05,2023-09-25
2012-0179-IND,No,nat-hyd-flo-riv,Natural,Hydrological,Flood,Riverine flood,GLIDE:FL-2012-000110,,IND,India,Southern Asia,Asia,"Anjaw (70044), Lohit, Changlang, 70045, 70050, Lower Dibang Valley, East Siang, Upper Siang (70051) districts (Arunachal Pradesh province), Assam province",Monsoonal rain,"Slide (land, mud, snow, rock)",No,No,No,2700.0,254935.0,Km2,26.566,92.44,Brahmaputra,2012,6.0,26.0,2012,7.0,13.0,120.0,,2200000.0,,2200000.0,,,,,,,75.3503857,"[{""adm1_code"":1487,""adm1_name"":""Assam""},{""adm2_code"":70044,""adm2_name"":""Administrative unit not available""},{""adm2_code"":70045,""adm2_name"":""Administrative unit not available""},{""adm2_code"":70050,""adm2_name"":""Administrative unit not available""},{""adm2_code"":70051,""adm2_name"":""Administrative unit not available""},{""adm2_code"":17571,""adm2_name"":""East Siang""},{""adm2_code"":17572,""adm2_name"":""Lohit""},{""adm2_code"":70083,""adm2_name"":""Changlang""},{""adm2_code"":70084,""adm2_name"":""Lower Dibang Valley""}]",2012-11-12,2023-09-25
2012-0322-IND,No,nat-hyd-flo-riv,Natural,Hydrological,Flood,Riverine flood,,,IND,India,Southern Asia,Asia,"Jaipur, Dhaulpur, Dausa, Tonk, Jhunjhunun, Sikar, Hanumangarh, Bikaner districts (Rajasthan province), Anjaw (70044), 70045, 70050, Lower Dibang Valley, Upper Siang (70051) districts (Arunachal Pradesh province)",Heavy rains,,No,No,No,,,Km2,,,,2012,8.0,21.0,2012,8.0,23.0,37.0,,,37500.0,37500.0,,,,,,,75.3503857,"[{""adm2_code"":17840,""adm2_name"":""Bikaner""},{""adm2_code"":17844,""adm2_name"":""Dhaulpur""},{""adm2_code"":17847,""adm2_name"":""Jaipur""},{""adm2_code"":17851,""adm2_name"":""Jhunjhunun""},{""adm2_code"":17857,""adm2_name"":""Sikar""},{""adm2_code"":17859,""adm2_name"":""Tonk""},{""adm2_code"":70237,""adm2_name"":""Dausa""},{""adm2_code"":70238,""adm2_name"":""Hanumangarh""},{""adm2_code"":70044,""adm2_name"":""Administrative unit not available""},{""adm2_code"":70045,""adm2_name"":""Administrative unit not available""},{""adm2_code"":70050,""adm2_name"":""Administrative unit not available""},{""adm2_code"":70051,""adm2_name"":""Administrative unit not available""}]",2013-02-06,2023-09-25
2012-0334-IND,No,nat-hyd-flo-riv,Natural,Hydrological,Flood,Riverine flood,,,IND,India,Southern Asia,Asia,"Palchan village (Kullu district, Himachal Pradesh province), Uttarkashi, Rudra Prayag, Chamoli districts (Uttarakhand province), Moradabad district (Uttar Pradesh province), Kathua village (72780 district, Jammu and Kashmir province)",Torrential rain,"Slide (land, mud, snow, rock)",No,No,No,,31390.0,Km2,30.1135,78.85,,2012,8.0,4.0,2012,8.0,9.0,30.0,,1200.0,,1200.0,,,,,110000.0,145985.0,75.3503857,"[{""adm2_code"":17671,""adm2_name"":""Kullu""},{""adm2_code"":72780,""adm2_name"":""Administrative unit not available""},{""adm2_code"":17928,""adm2_name"":""Moradabad""},{""adm2_code"":70282,""adm2_name"":""Chamoli""},{""adm2_code"":70286,""adm2_name"":""Rudra Prayag""},{""adm2_code"":70289,""adm2_name"":""Uttarkashi""}]",2013-02-06,2023-09-25
2012-0354-IND,No,nat-hyd-flo-riv,Natural,Hydrological,Flood,Riverine flood,,,IND,India,Southern Asia,Asia,"Rudra Prayag, Bageshwar districts (Uttarakhand province)",Heavy rains,"Slide (land, mud, snow, rock)",No,No,No,,37710.0,Km2,31.3,76.85,,2012,9.0,16.0,2012,9.0,18.0,45.0,,200.0,,200.0,,,,,20000.0,26543.0,75.3503857,"[{""adm2_code"":70281,""adm2_name"":""Bageshwar""},{""adm2_code"":70286,""adm2_name"":""Rudra Prayag""}]",2012-11-22,2023-09-25
2012-0382-IND,No,nat-hyd-flo-riv,Natural,Hydrological,Flood,Riverine flood,,,IND,India,Southern Asia,Asia,"Barpeta, Bongaigaon, Darrang, Dhemaji, Dhuburi, Dibrugarh, Goalpara, Golaghat, Jorhat, Kamrup, Lakhimpur, Marigaon, Nagaon, Nalbari, Papum Pare, Sibsagar, Sonitpur, Tinsukia districts (Assam province), Bhagalpur, Darbhanga, Katihar, Khagaria, Muzaffarpur, Patna, Siwan, Supaul districts (Bihar province), Sahibganj district (Jharkhand province), North Sikkim district (Sikkim province), Ballia, Bara Banki, Faizabad districts (Uttar Pradesh province), Murshidabad district (West Bengal province), West Siang, East Siang, Lohit, Papum Pare districts (Arunachal Pradesh province)",Monsoonal rains,"Slide (land, mud, snow, rock)",No,No,No,,42597.0,Km2,26.8,93.63,,2012,9.0,19.0,2012,9.0,23.0,21.0,,2000000.0,,2000000.0,,,,,98000.0,130059.0,75.3503857,"[{""adm2_code"":17576,""adm2_name"":""Barpeta""},{""adm2_code"":17578,""adm2_name"":""Darrang""},{""adm2_code"":17579,""adm2_name"":""Dhuburi""},{""adm2_code"":17580,""adm2_name"":""Dibrugarh""},{""adm2_code"":17581,""adm2_name"":""Goalpara""},{""adm2_code"":17582,""adm2_name"":""Golaghat""},{""adm2_code"":17583,""adm2_name"":""Kamrup""},{""adm2_code"":17589,""adm2_name"":""Nagaon""},{""adm2_code"":17590,""adm2_name"":""Nalbari""},{""adm2_code"":17592,""adm2_name"":""Sibsagar""},{""adm2_code"":17593,""adm2_name"":""Sonitpur""},{""adm2_code"":70086,""adm2_name"":""Bongaigaon""},{""adm2_code"":70087,""adm2_name"":""Dhemaji""},{""adm2_code"":70089,""adm2_name"":""Jorhat""},{""adm2_code"":70091,""adm2_name"":""Lakhimpur""},{""adm2_code"":70092,""adm2_name"":""Marigaon""},{""adm2_code"":70093,""adm2_name"":""Tinsukia""},{""adm2_code"":17862,""adm2_name"":""North Sikkim""},{""adm2_code"":17955,""adm2_name"":""Murshidabad""},{""adm2_code"":17571,""adm2_name"":""East Siang""},{""adm2_code"":17572,""adm2_name"":""Lohit""},{""adm2_code"":17575,""adm2_name"":""West Siang""},{""adm2_code"":70085,""adm2_name"":""Papum Pare""},{""adm2_code"":17596,""adm2_name"":""Bhagalpur""},{""adm2_code"":17598,""adm2_name"":""Darbhanga""},{""adm2_code"":17608,""adm2_name"":""Katihar""},{""adm2_code"":17609,""adm2_name"":""Khagaria""},{""adm2_code"":17613,""adm2_name"":""Muzaffarpur""},{""adm2_code"":17619,""adm2_name"":""Patna""},{""adm2_code"":17631,""adm2_name"":""Siwan""},{""adm2_code"":70104,""adm2_name"":""Supaul""},{""adm2_code"":70154,""adm2_name"":""Sahibganj""},{""adm2_code"":17894,""adm2_name"":""Ballia""},{""adm2_code"":17896,""adm2_name"":""Bara Banki""},{""adm2_code"":17907,""adm2_name"":""Faizabad""}]",2013-02-06,2023-09-25
2012-0584-IND,No,nat-hyd-flo-riv,Natural,Hydrological,Flood,Riverine flood,,,IND,India,Southern Asia,Asia,Himachel Pradesh province,,"Slide (land, mud, snow, rock)",No,No,No,,,Km2,,,,2012,8.0,21.0,2012,8.0,23.0,26.0,,9460.0,,9460.0,,,,,16000.0,21234.0,75.3503857,"[{""adm1_code"":1493,""adm1_name"":""Himachal Pradesh""}]",2013-02-06,2023-09-25
2013-0192-IND,No,nat-hyd-flo-riv,Natural,Hydrological,Flood,Riverine flood,GLIDE:FL-2013-000070,,IND,India,Southern Asia,Asia,"Uttarakhand, Himachal Pradesh, Uttar Pradesh, Bihar, Karnataka, Kerala, Gujarat, West Bengal provinces",Monsoonal rain,"Slide (land, mud, snow, rock)",Yes,No,No,,131743.41,Km2,32.714,76.61,"Ganges, Yamuna, Ghaghara tivers",2013,6.0,12.0,2013,6.0,27.0,6054.0,4473.0,500000.0,,504473.0,,,500000.0,653987.0,1100000.0,1438771.0,76.45414599,"[{""adm1_code"":1491,""adm1_name"":""Gujarat""},{""adm1_code"":1493,""adm1_name"":""Himachal Pradesh""},{""adm1_code"":1494,""adm1_name"":""Karnataka""},{""adm1_code"":1495,""adm1_name"":""Kerala""},{""adm1_code"":1511,""adm1_name"":""West Bengal""},{""adm1_code"":70073,""adm1_name"":""Bihar""},{""adm1_code"":70081,""adm1_name"":""Uttar Pradesh""},{""adm1_code"":70082,""adm1_name"":""Uttarakhand""}]",2014-07-29,2023-09-25
2013-0260-IND,No,nat-hyd-flo-riv,Natural,Hydrological,Flood,Riverine flood,,,IND,India,Southern Asia,Asia,"Sultanpur, Sitapur, Rae Bareli, Bara Banki, Faizabad, Gorakhpur, Basti, Kushinagar, Bahraich, Gonda, Shravasti districts (Uttar Pradesh province)",Monsoon rains,,No,No,No,,,Km2,,,"Ganges, Ghagra, Kuano, Saryu, Sharda",2013,7.0,9.0,2013,7.0,10.0,174.0,,500000.0,,500000.0,,,,,2000.0,2616.0,76.45414599,"[{""adm2_code"":17893,""adm2_name"":""Bahraich""},{""adm2_code"":17896,""adm2_name"":""Bara Banki""},{""adm2_code"":17898,""adm2_name"":""Basti""},{""adm2_code"":17907,""adm2_name"":""Faizabad""},{""adm2_code"":17913,""adm2_name"":""Gonda""},{""adm2_code"":17914,""adm2_name"":""Gorakhpur""},{""adm2_code"":17934,""adm2_name"":""Rae Bareli""},{""adm2_code"":17938,""adm2_name"":""Sitapur""},{""adm2_code"":17939,""adm2_name"":""Sultanpur""},{""adm2_code"":70271,""adm2_name"":""Kushinagar""},{""adm2_code"":70277,""adm2_name"":""Shravasti""}]",2013-11-28,2023-09-25
2013-0282-IND,No,nat-hyd-flo-flo,Natural,Hydrological,Flood,Flood (General),,,IND,India,Southern Asia,Asia,"Dhemaji, Tinsukia, Nagaon, Golaghat, Jorhat, Kamrup, Karimganj, Lakhimpur, Morigaon, Sibsaga, Bongaigaon, Kokrajhar districts (Assam province)",Monsoonal rain,,No,No,No,,38019.26,Km2,27.387,94.92,,2013,6.0,23.0,2013,7.0,15.0,80.0,,2000000.0,,2000000.0,,,,,,,76.45414599,"[{""adm2_code"":17582,""adm2_name"":""Golaghat""},{""adm2_code"":17583,""adm2_name"":""Kamrup""},{""adm2_code"":17585,""adm2_name"":""Karimganj""},{""adm2_code"":17589,""adm2_name"":""Nagaon""},{""adm2_code"":17592,""adm2_name"":""Sibsagar""},{""adm2_code"":70086,""adm2_name"":""Bongaigaon""},{""adm2_code"":70087,""adm2_name"":""Dhemaji""},{""adm2_code"":70089,""adm2_name"":""Jorhat""},{""adm2_code"":70090,""adm2_name"":""Kokrajhar""},{""adm2_code"":70091,""adm2_name"":""Lakhimpur""},{""adm2_code"":70092,""adm2_name"":""Marigaon""},{""adm2_code"":70093,""adm2_name"":""Tinsukia""}]",2014-03-20,2023-09-25
2013-0345-IND,No,nat-hyd-flo-riv,Natural,Hydrological,Flood,Riverine flood,,,IND,India,Southern Asia,Asia,"Bhopal, Hoshangabad, Seoni, Narsinghpur, Jabalpur districts (Madhya Pradesh province), Uttar Pradesh, Assam provinces",Monsoon rains,,No,No,No,,,Km2,,,Narmada and Betwa rivers,2013,8.0,22.0,2013,8.0,27.0,73.0,,40000.0,,40000.0,,,,,,,76.45414599,"[{""adm1_code"":1487,""adm1_name"":""Assam""},{""adm1_code"":70081,""adm1_name"":""Uttar Pradesh""},{""adm2_code"":17716,""adm2_name"":""Bhopal""},{""adm2_code"":17728,""adm2_name"":""Hoshangabad""},{""adm2_code"":17730,""adm2_name"":""Jabalpur""},{""adm2_code"":17735,""adm2_name"":""Narsinghpur""},{""adm2_code"":17747,""adm2_name"":""Seoni""}]",2014-03-20,2023-09-25
2013-0400-IND,No,nat-hyd-flo-riv,Natural,Hydrological,Flood,Riverine flood,,,IND,India,Southern Asia,Asia,"Orissa, Andhra Pradesh, West Bengal provinces",Monsoonal rain,,No,No,No,,,Km2,,,,2013,10.0,21.0,2013,10.0,26.0,72.0,,375000.0,,375000.0,,,,,260000.0,340073.0,76.45414599,"[{""adm1_code"":1485,""adm1_name"":""Andhra Pradesh""},{""adm1_code"":1504,""adm1_name"":""Orissa""},{""adm1_code"":1511,""adm1_name"":""West Bengal""}]",2013-11-13,2023-09-25
2014-0218-IND,No,nat-hyd-flo-riv,Natural,Hydrological,Flood,Riverine flood,,,IND,India,Southern Asia,Asia,Assam province,Heavy monsoonal rain,"Slide (land, mud, snow, rock)",No,No,No,,49220.0,Km2,,,Brahmaputra,2014,6.0,26.0,2014,6.0,28.0,27.0,,18500.0,,18500.0,,,,,2000.0,2574.0,77.69440613,"[{""adm1_code"":1487,""adm1_name"":""Assam""}]",2014-07-16,2023-09-25
2014-0268-IND,No,nat-hyd-flo-riv,Natural,Hydrological,Flood,Riverine flood,,,IND,India,Southern Asia,Asia,"Uttarakhand, Himachal Pradesh provinces",Excessive rainfall,,No,No,No,,,Km2,,,Sharda river,2014,7.0,16.0,2014,7.0,22.0,26.0,,,,,,,,,,,77.69440613,"[{""adm1_code"":1493,""adm1_name"":""Himachal Pradesh""},{""adm1_code"":70082,""adm1_name"":""Uttarakhand""}]",2014-08-28,2023-09-25
2014-0313-IND,No,nat-hyd-flo-riv,Natural,Hydrological,Flood,Riverine flood,,,IND,India,Southern Asia,Asia,Orissa province,Torrential monsoonal rain,,No,No,No,,,Km2,,,"Mahanadi, Baitarani, Budha",2014,8.0,3.0,2014,8.0,4.0,35.0,,179000.0,,179000.0,,,,,200000.0,257419.0,77.69440613,"[{""adm1_code"":1504,""adm1_name"":""Orissa""}]",2014-09-23,2023-09-25
2014-0343-IND,No,nat-hyd-flo-riv,Natural,Hydrological,Flood,Riverine flood,GLIDE:FL-2014-000122,,IND,India,Southern Asia,Asia,Jammu and Kashmir provinces,Monsoonal rain,"Slide (land, mud, snow, rock)",Yes,No,No,,,Km2,,,,2014,9.0,,2014,9.0,,298.0,,275000.0,,275000.0,,,150000.0,193064.0,16000000.0,20593503.0,77.69440613,"[{""adm1_code"":40422,""adm1_name"":""Administrative unit not available""},{""adm1_code"":40423,""adm1_name"":""Administrative unit not available""},{""adm1_code"":40424,""adm1_name"":""Administrative unit not available""},{""adm1_code"":40425,""adm1_name"":""Administrative unit not available""},{""adm1_code"":40426,""adm1_name"":""Administrative unit not available""},{""adm1_code"":40427,""adm1_name"":""Administrative unit not available""},{""adm1_code"":40428,""adm1_name"":""Administrative unit not available""},{""adm1_code"":40429,""adm1_name"":""Administrative unit not available""},{""adm1_code"":40430,""adm1_name"":""Administrative unit not available""},{""adm1_code"":40431,""adm1_name"":""Administrative unit not available""}]",2014-10-01,2023-09-25
2014-0391-IND,No,nat-hyd-flo-riv,Natural,Hydrological,Flood,Riverine flood,,,IND,India,Southern Asia,Asia,"Tura village (West Garo Hills district, Meghalaya province), Goalpara, Kamrup districts (Assam province)",Torrential monsoonal rains; Typhoon Kalmaegi,"Slide (land, mud, snow, rock)",No,No,No,,61894.97,Km2,,,,2014,9.0,24.0,2014,10.0,11.0,95.0,,,650000.0,650000.0,,,,,163000.0,209796.0,77.69440613,"[{""adm2_code"":17581,""adm2_name"":""Goalpara""},{""adm2_code"":17583,""adm2_name"":""Kamrup""},{""adm2_code"":17796,""adm2_name"":""West Garo Hills""}]",2014-10-10,2023-09-25
2014-0408-IND,No,nat-hyd-flo-riv,Natural,Hydrological,Flood,Riverine flood,,,IND,India,Southern Asia,Asia,"Shravasti, Balrampur, Sitapur, Lakhimpur Kheri, Gonda, Bara Banki, Faizabad, Azamgarh districts (Uttar Pradesh province), Uttarakhand, Bihar, Assam provinces","Heavy rains, overflowing rivers after dam opening in Nepal","Slide (land, mud, snow, rock)|Transport accident",No,No,No,,,Km2,,,"Ghagra, Rapti, Saryu rivers",2014,8.0,16.0,2014,9.0,1.0,94.0,,500000.0,,500000.0,,,,,,,77.69440613,"[{""adm1_code"":1487,""adm1_name"":""Assam""},{""adm1_code"":70073,""adm1_name"":""Bihar""},{""adm1_code"":70082,""adm1_name"":""Uttarakhand""},{""adm2_code"":17892,""adm2_name"":""Azamgarh""},{""adm2_code"":17896,""adm2_name"":""Bara Banki""},{""adm2_code"":17907,""adm2_name"":""Faizabad""},{""adm2_code"":17913,""adm2_name"":""Gonda""},{""adm2_code"":17921,""adm2_name"":""Lakhimpur Kheri""},{""adm2_code"":17938,""adm2_name"":""Sitapur""},{""adm2_code"":70261,""adm2_name"":""Balrampur""},{""adm2_code"":70277,""adm2_name"":""Shravasti""}]",2014-10-15,2023-09-25
2014-0409-IND,No,nat-hyd-flo-riv,Natural,Hydrological,Flood,Riverine flood,,,IND,India,Southern Asia,Asia,Odisha province,,,No,No,No,,,Km2,,,,2014,8.0,9.0,2014,8.0,16.0,47.0,,3600000.0,,3600000.0,,,,,100000.0,128709.0,77.69440613,"[{""adm1_code"":1504,""adm1_name"":""Orissa""}]",2014-10-15,2023-09-25
2015-0107-IND,No,nat-hyd-flo-fla,Natural,Hydrological,Flood,Flash flood,DFO:4239|GLIDE:FL-2015-000029,,IND,India,Southern Asia,Asia,"Chadoora village (72811 district, Jammu and Kashmir province)",Heavy rains,"Slide (land, mud, snow, rock)",No,No,No,,70287.98,Km2,33.1767,76.41,Jhelum river,2015,3.0,20.0,2015,3.0,31.0,44.0,25.0,,2097.0,2122.0,,,,,76000.0,97703.0,77.78656766,"[{""adm2_code"":72811,""adm2_name"":""Administrative unit not available""}]",2015-04-01,2023-09-25
2015-0207-IND,No,nat-hyd-flo-fla,Natural,Hydrological,Flood,Flash flood,DFO:4251,,IND,India,Southern Asia,Asia,"Bhadrairuppu village (Virudhunagar district, Tamil Nadu province)",Torrential rain,,No,No,No,,14179.0,Km2,10.7121,79.18,,2015,5.0,17.0,2015,5.0,21.0,8.0,,200.0,,200.0,,,,,,,77.78656766,"[{""adm2_code"":17869,""adm2_name"":""Virudhunagar""}]",2015-06-04,2023-09-25
2015-0249-IND,No,nat-hyd-flo-riv,Natural,Hydrological,Flood,Riverine flood,DFO:4265,,IND,India,Southern Asia,Asia,"Amreli, Rajkot, Surat districts (Gujarat province), Maharashtra province",Monsoon rains,,No,No,No,,43781.56,Km2,21.8734,70.76,,2015,6.0,19.0,2015,6.0,20.0,81.0,,9000.0,,9000.0,,,,,604000.0,776484.0,77.78656766,"[{""adm1_code"":1498,""adm1_name"":""Maharashtra""},{""adm2_code"":17636,""adm2_name"":""Amreli""},{""adm2_code"":17647,""adm2_name"":""Rajkot""},{""adm2_code"":17649,""adm2_name"":""Surat""}]",2015-07-15,2023-09-25
2015-0253-IND,No,nat-hyd-flo-riv,Natural,Hydrological,Flood,Riverine flood,GLIDE:FL-2015-000068,,IND,India,Southern Asia,Asia,"Mirik, Kalimpong, Darjeeling villages (Darjiling district, West Bengal province),",,"Slide (land, mud, snow, rock)",No,No,No,,,Km2,,,,2015,6.0,23.0,2015,6.0,30.0,40.0,,,1000.0,1000.0,,,,,,,77.78656766,"[{""adm2_code"":17948,""adm2_name"":""Darjiling""}]",2015-07-15,2023-09-25
2015-0317-IND,No,nat-hyd-flo-riv,Natural,Hydrological,Flood,Riverine flood,DFO:4282,,IND,India,Southern Asia,Asia,"Kachchh, Patan, Banas Kantha districts (Gujarat province), Malda, Jalpaiguri districts (West Bengal province), Jorhat, Dhemaji, Lakhimpur, Dhuburi, Darrang, Goalpara, Karbi Anglong, Marigaon districts (Assam province), Manipur, Orissa, Rajasthan, Madhya Pradesh provinces","Monsoon rains, exacerbated by tail end of Cyclone Komen","Slide (land, mud, snow, rock)",No,No,No,,629961.6,Km2,26.2074,82.62,,2015,7.0,15.0,2015,8.0,19.0,293.0,,13709887.0,,13709887.0,,,,,,,77.78656766,"[{""adm1_code"":1500,""adm1_name"":""Manipur""},{""adm1_code"":1504,""adm1_name"":""Orissa""},{""adm1_code"":1506,""adm1_name"":""Rajasthan""},{""adm1_code"":70079,""adm1_name"":""Madhya Pradesh""},{""adm2_code"":17578,""adm2_name"":""Darrang""},{""adm2_code"":17579,""adm2_name"":""Dhuburi""},{""adm2_code"":17581,""adm2_name"":""Goalpara""},{""adm2_code"":17584,""adm2_name"":""Karbi Anglong""},{""adm2_code"":70087,""adm2_name"":""Dhemaji""},{""adm2_code"":70089,""adm2_name"":""Jorhat""},{""adm2_code"":70091,""adm2_name"":""Lakhimpur""},{""adm2_code"":70092,""adm2_name"":""Marigaon""},{""adm2_code"":17637,""adm2_name"":""Banas Kantha""},{""adm2_code"":17643,""adm2_name"":""Kachchh""},{""adm2_code"":70129,""adm2_name"":""Patan""},{""adm2_code"":17951,""adm2_name"":""Jalpaiguri""},{""adm2_code"":17953,""adm2_name"":""Maldah""}]",2015-08-04,2023-09-25
2015-0333-IND,No,nat-hyd-flo-riv,Natural,Hydrological,Flood,Riverine flood,,,IND,India,Southern Asia,Asia,"Rajasthan, Uttar Pradesh, Jammu and Kashmir, Arunachal Pradesh, Uttarakhand, Punjab, Haryana, Himachal Pradesh provinces",Torrential monsoonal rains,"Slide (land, mud, snow, rock)",No,No,No,,,Km2,,,,2015,7.0,7.0,2015,7.0,13.0,25.0,,,,,,,,,,,77.78656766,"[{""adm1_code"":1492,""adm1_name"":""Haryana""},{""adm1_code"":1493,""adm1_name"":""Himachal Pradesh""},{""adm1_code"":1505,""adm1_name"":""Punjab""},{""adm1_code"":1506,""adm1_name"":""Rajasthan""},{""adm1_code"":40408,""adm1_name"":""Administrative unit not available""},{""adm1_code"":40409,""adm1_name"":""Administrative unit not available""},{""adm1_code"":40422,""adm1_name"":""Administrative unit not available""},{""adm1_code"":40423,""adm1_name"":""Administrative unit not available""},{""adm1_code"":40424,""adm1_name"":""Administrative unit not available""},{""adm1_code"":40425,""adm1_name"":""Administrative unit not available""},{""adm1_code"":40426,""adm1_name"":""Administrative unit not available""},{""adm1_code"":40427,""adm1_name"":""Administrative unit not available""},{""adm1_code"":40428,""adm1_name"":""Administrative unit not available""},{""adm1_code"":40429,""adm1_name"":""Administrative unit not available""},{""adm1_code"":40430,""adm1_name"":""Administrative unit not available""},{""adm1_code"":40431,""adm1_name"":""Administrative unit not available""},{""adm1_code"":70036,""adm1_name"":""Administrative unit not available""},{""adm1_code"":70037,""adm1_name"":""Administrative unit not available""},{""adm1_code"":70072,""adm1_name"":""Arunachal Pradesh""},{""adm1_code"":70081,""adm1_name"":""Uttar Pradesh""},{""adm1_code"":70082,""adm1_name"":""Uttarakhand""}]",2015-08-07,2023-09-25
2015-0374-IND,No,nat-hyd-flo-flo,Natural,Hydrological,Flood,Flood (General),DFO:4288,,IND,India,Southern Asia,Asia,Assam province,Monsoonal rain,,No,No,No,,69190.14,Km2,26.8946,93.75,Brahmaputra river,2015,8.0,13.0,2015,8.0,19.0,5.0,,18000.0,,18000.0,,,,,,,77.78656766,"[{""adm1_code"":1487,""adm1_name"":""Assam""}]",2015-08-24,2023-09-25
2015-0406-IND,No,nat-hyd-flo-flo,Natural,Hydrological,Flood,Flood (General),,,IND,India,Southern Asia,Asia,"Dhemaji, Kokrajhar, Bongaigaon, Sonitpur, Barpeta, Goalpara, Marigaon, Cachar, Lakhimpur, Jorhat, Tinsukia, Darrang, Nalbari, Kamrup, Dibrugarh, Sibsagar districts (Assam province) ",Hearvy rain,,No,No,No,,,Km2,,,,2015,8.0,28.0,2015,8.0,30.0,18.0,,736000.0,51000.0,787000.0,,,,,,,77.78656766,"[{""adm2_code"":17576,""adm2_name"":""Barpeta""},{""adm2_code"":17577,""adm2_name"":""Cachar""},{""adm2_code"":17578,""adm2_name"":""Darrang""},{""adm2_code"":17580,""adm2_name"":""Dibrugarh""},{""adm2_code"":17581,""adm2_name"":""Goalpara""},{""adm2_code"":17583,""adm2_name"":""Kamrup""},{""adm2_code"":17590,""adm2_name"":""Nalbari""},{""adm2_code"":17592,""adm2_name"":""Sibsagar""},{""adm2_code"":17593,""adm2_name"":""Sonitpur""},{""adm2_code"":70086,""adm2_name"":""Bongaigaon""},{""adm2_code"":70087,""adm2_name"":""Dhemaji""},{""adm2_code"":70089,""adm2_name"":""Jorhat""},{""adm2_code"":70090,""adm2_name"":""Kokrajhar""},{""adm2_code"":70091,""adm2_name"":""Lakhimpur""},{""adm2_code"":70092,""adm2_name"":""Marigaon""},{""adm2_code"":70093,""adm2_name"":""Tinsukia""}]",2015-09-04,2023-09-25
2015-0413-IND,No,nat-hyd-flo-flo,Natural,Hydrological,Flood,Flood (General),,,IND,India,Southern Asia,Asia,"Sonitpur, Lakhimpur, Kokrajhar, Dhemaji districts (Assam province), Arunachal Pradesh province ",,"Slide (land, mud, snow, rock)",No,No,No,,,Km2,,,,2015,7.0,14.0,2015,7.0,16.0,,,85250.0,,85250.0,,,,,,,77.78656766,"[{""adm1_code"":70036,""adm1_name"":""Administrative unit not available""},{""adm1_code"":70037,""adm1_name"":""Administrative unit not available""},{""adm1_code"":70072,""adm1_name"":""Arunachal Pradesh""},{""adm2_code"":17593,""adm2_name"":""Sonitpur""},{""adm2_code"":70087,""adm2_name"":""Dhemaji""},{""adm2_code"":70090,""adm2_name"":""Kokrajhar""},{""adm2_code"":70091,""adm2_name"":""Lakhimpur""}]",2015-09-10,2023-09-25
2015-0504-IND,No,nat-hyd-flo-flo,Natural,Hydrological,Flood,Flood (General),DFO:4309|GLIDE:TC-2015-000163,,IND,India,Southern Asia,Asia,"Chittoor, Cuddapah, Prakasam, Nellore districts (Andhra Pradesh province), Chennai, Cuddalore, Nagapattinam, Kancheepuram, Thiruvallur, Villupuram districts (Tamil Nadu province), Puducherry province",Tropical depression 'Rovan',,No,No,Yes,,93202.05,Km2,11.828,78.855,,2015,11.0,8.0,2015,12.0,4.0,325.0,1000.0,1800000.0,,1801000.0,,,755000.0,970605.0,2200000.0,2828252.0,77.78656766,"[{""adm1_code"":70080,""adm1_name"":""Puducherry""},{""adm2_code"":17549,""adm2_name"":""Chittoor""},{""adm2_code"":17550,""adm2_name"":""Cuddapah""},{""adm2_code"":17561,""adm2_name"":""Nellore""},{""adm2_code"":17563,""adm2_name"":""Prakasam""},{""adm2_code"":70242,""adm2_name"":""Chennai""},{""adm2_code"":70243,""adm2_name"":""Cuddalore""},{""adm2_code"":70244,""adm2_name"":""Kancheepuram""},{""adm2_code"":70247,""adm2_name"":""Nagapattinam""},{""adm2_code"":70251,""adm2_name"":""Thiruvallur""},{""adm2_code"":70255,""adm2_name"":""Villupuram""}]",2015-11-16,2023-09-25
2016-0139-IND,No,nat-hyd-flo-flo,Natural,Hydrological,Flood,Flood (General),DFO:4355,,IND,India,Southern Asia,Asia,"Arunachal Pradesh, Assam, Nagaland provinces",Pre-monsoon rains,"Slide (land, mud, snow, rock)",No,No,No,,70517.68,Km2,27.464,95.607,Brahmaptura river,2016,4.0,22.0,2016,4.0,25.0,18.0,,100000.0,,100000.0,,,,,150000.0,190433.0,78.767923,"[{""adm1_code"":1487,""adm1_name"":""Assam""},{""adm1_code"":1503,""adm1_name"":""Nagaland""},{""adm1_code"":70072,""adm1_name"":""Arunachal Pradesh""}]",2016-05-10,2023-09-25
2016-0239-IND,No,nat-hyd-flo-fla,Natural,Hydrological,Flood,Flash flood,DFO:4371,,IND,India,Southern Asia,Asia,"Chamoli, Pithoragahr districts (Uttarakhand province), Assam, Arunachal Pradesh provinces",Torrential rains,,No,No,No,,135742.3,Km2,27.068,93.95,Alaknanda and Mandakini rivers,2016,6.0,25.0,2016,7.0,1.0,61.0,,,,,,,,,100000.0,126955.0,78.767923,"[{""adm1_code"":1487,""adm1_name"":""Assam""},{""adm1_code"":70072,""adm1_name"":""Arunachal Pradesh""},{""adm2_code"":17932,""adm2_name"":""Pithoragarh""},{""adm2_code"":70282,""adm2_name"":""Chamoli""}]",2016-07-13,2023-09-25
2016-0267-IND,No,nat-hyd-flo-fla,Natural,Hydrological,Flood,Flash flood,,,IND,India,Southern Asia,Asia,"Lakhimpur, Golaghat, Jorhat, Barpeta, Bongaigaon, Goalpara, Dhubri, Marigaon, Darrang, Nalbari districts (Assam province)",Monsoonal rain,,No,No,No,,,Km2,,,"Brahmaputra, Barak Rivers",2016,7.0,28.0,2016,7.0,30.0,50.0,,,2000000.0,2000000.0,,,,,150000.0,190433.0,78.767923,"[{""adm2_code"":17576,""adm2_name"":""Barpeta""},{""adm2_code"":17578,""adm2_name"":""Darrang""},{""adm2_code"":17579,""adm2_name"":""Dhuburi""},{""adm2_code"":17581,""adm2_name"":""Goalpara""},{""adm2_code"":17582,""adm2_name"":""Golaghat""},{""adm2_code"":17590,""adm2_name"":""Nalbari""},{""adm2_code"":70086,""adm2_name"":""Bongaigaon""},{""adm2_code"":70089,""adm2_name"":""Jorhat""},{""adm2_code"":70091,""adm2_name"":""Lakhimpur""},{""adm2_code"":70092,""adm2_name"":""Marigaon""}]",2016-08-04,2023-09-25
2016-0271-IND,No,nat-hyd-flo-flo,Natural,Hydrological,Flood,Flood (General),DFO:4384,,IND,India,Southern Asia,Asia,"Biha, Uttar Pradeshr province (Varanasi, Allahabad, Ghazipur, Ballia, Banda, Jalaun, Ghaziabad, Patna, Bhagalpur, Vaishali, Buxar, Bhojpur, Sonepur, Saran, Begusarai, Samastipur, Lakhisarai, Khagaria, Munger, Nalanda, Katihar, Purnea, Katihar, Supual, Kisanganj, Madhepura, Gopalganj, Saharsa, Araria, East Champaran, Muzafferpur, Kishanganj, Purnea, Araria, Supaul, Bhagalpur, Darbhanga)",Monsoonal rains,,No,No,No,,,Km2,,,,2016,7.0,15.0,2016,9.0,12.0,254.0,,1600000.0,,1600000.0,,,,,350000.0,444343.0,78.767923,"[{""adm1_code"":70073,""adm1_name"":""Bihar""},{""adm1_code"":70081,""adm1_name"":""Uttar Pradesh""}]",2016-08-04,2023-09-25
2016-0276-IND,No,nat-hyd-flo-flo,Natural,Hydrological,Flood,Flood (General),DFO:4378,,IND,India,Southern Asia,Asia,"Bhopal, Hoshangabad, Rewa, Sagar, Shajapur, Jabalpur, Satna, Harda, Panna, Vidisha, Raisen, Mandla, Tikamgarh, Seoni, Damoh, Sehore, Agar-Malwa districts (Madhya Pradesh province)",Monsoonal rains,,No,No,No,,,Km2,,,,2016,7.0,9.0,2016,8.0,22.0,184.0,,100000.0,,100000.0,,,,,160000.0,203128.0,78.767923,"[{""adm2_code"":17716,""adm2_name"":""Bhopal""},{""adm2_code"":17720,""adm2_name"":""Damoh""},{""adm2_code"":17728,""adm2_name"":""Hoshangabad""},{""adm2_code"":17730,""adm2_name"":""Jabalpur""},{""adm2_code"":17732,""adm2_name"":""Mandla""},{""adm2_code"":17736,""adm2_name"":""Panna""},{""adm2_code"":17739,""adm2_name"":""Raisen""},{""adm2_code"":17743,""adm2_name"":""Rewa""},{""adm2_code"":17744,""adm2_name"":""Sagar""},{""adm2_code"":17745,""adm2_name"":""Satna""},{""adm2_code"":17746,""adm2_name"":""Sehore""},{""adm2_code"":17747,""adm2_name"":""Seoni""},{""adm2_code"":17749,""adm2_name"":""Shajapur""},{""adm2_code"":17753,""adm2_name"":""Tikamgarh""},{""adm2_code"":17755,""adm2_name"":""Vidisha""},{""adm2_code"":70173,""adm2_name"":""Harda""}]",2016-08-05,2023-09-25
2016-0304-IND,No,nat-hyd-flo-flo,Natural,Hydrological,Flood,Flood (General),DFO:4383,,IND,India,Southern Asia,Asia,"Maharashtra (Nashik, Raigad (Mahad), Thane (Bhiwandi), Ratnagiri, Pune, Satara, Kolhapur), Gujarat (Valsad, Chhota Udepur (Vadodara), Navsari and Surat)",Monsoonal rains,,No,No,No,,,Km2,,,Savitri,2016,8.0,1.0,2016,8.0,3.0,37.0,,3000.0,,3000.0,,,,,,,78.767923,"[{""adm2_code"":17649,""adm2_name"":""Surat""},{""adm2_code"":17652,""adm2_name"":""Vadodara""},{""adm2_code"":17653,""adm2_name"":""Valsad""},{""adm2_code"":70127,""adm2_name"":""Navsari""},{""adm2_code"":17769,""adm2_name"":""Kolhapur""},{""adm2_code"":17773,""adm2_name"":""Nashik""},{""adm2_code"":17776,""adm2_name"":""Pune""},{""adm2_code"":17777,""adm2_name"":""Raigarh""},{""adm2_code"":17778,""adm2_name"":""Ratnagiri""},{""adm2_code"":17781,""adm2_name"":""Satara""},{""adm2_code"":17783,""adm2_name"":""Thane""}]",2016-08-23,2023-09-25
2016-0391-IND,No,nat-hyd-flo-flo,Natural,Hydrological,Flood,Flood (General),DFO:4405,,IND,India,Southern Asia,Asia,"Andhra Pradesh province, Telangana",Monsoonal rains,,No,No,No,,137435.4,Km2,17.654,80.34,,2016,9.0,21.0,2016,9.0,29.0,28.0,,3000.0,,3000.0,,,44000.0,55860.0,589000.0,747766.0,78.767923,"[{""adm1_code"":1485,""adm1_name"":""Andhra Pradesh""}]",2016-11-17,2023-09-25
2016-0554-IND,No,nat-hyd-flo-flo,Natural,Hydrological,Flood,Flood (General),,,IND,India,Southern Asia,Asia,"Jorhat, Golaghat (Assam State)",,,No,No,No,,,Km2,,,,2016,7.0,17.0,2016,7.0,19.0,34.0,,,,,,,,,,,78.767923,"[{""adm2_code"":17582,""adm2_name"":""Golaghat""},{""adm2_code"":70089,""adm2_name"":""Jorhat""}]",2017-04-26,2023-09-25
2017-0180-IND,No,nat-hyd-flo-flo,Natural,Hydrological,Flood,Flood (General),,,IND,India,Southern Asia,Asia,"Lakhimpur, Karimganj, Darrang districts (Assam), Nagaland, Manipur, Jharkhand",Long-term rainfall,,No,No,No,,,Km2,,,,2017,6.0,4.0,2017,6.0,6.0,6.0,,100000.0,,100000.0,,,,,,,80.44577926,"[{""adm1_code"":1487,""adm1_name"":""Assam""},{""adm1_code"":1500,""adm1_name"":""Manipur""},{""adm1_code"":1503,""adm1_name"":""Nagaland""},{""adm1_code"":70078,""adm1_name"":""Jharkhand""}]",2017-06-19,2024-04-09
2017-0257-IND,No,nat-hyd-flo-flo,Natural,Hydrological,Flood,Flood (General),,,IND,India,Southern Asia,Asia,Gujarat,Monsoon rains,,No,No,No,,,Km2,,,,2017,6.0,1.0,2017,6.0,30.0,31.0,,,,,,,,,,,80.44577926,"[{""adm1_code"":1491,""adm1_name"":""Gujarat""}]",2017-07-17,2023-09-25
2017-0289-IND,No,nat-hyd-flo-riv,Natural,Hydrological,Flood,Riverine flood,GLIDE:FL-2017-000064,,IND,India,Southern Asia,Asia,"Lakhimpur, Bangaigaon, Jorhat, Golaghat, Cachar, Dhemjai, Biswanath, Karimganj, Barpeta, Karbi Anglong, Sonitpur, Darrang, Hojai (Sub Division), Bhuragaon (Sub Division), Majuli, Nagaon, Nalbari, Sivasagar, Morigaon, Chirang, Dibrugarh, Dhubri, Kokrajhar, South Salmara, Charaideo, Goalpara districts (Assam)",Monsoon rainfall,,No,No,No,,,Km2,,,Brahmaputra and Barak,2017,6.0,25.0,2017,7.0,24.0,75.0,,1735000.0,,1735000.0,,,,,,,80.44577926,"[{""adm2_code"":17576,""adm2_name"":""Barpeta""},{""adm2_code"":17577,""adm2_name"":""Cachar""},{""adm2_code"":17578,""adm2_name"":""Darrang""},{""adm2_code"":17579,""adm2_name"":""Dhuburi""},{""adm2_code"":17580,""adm2_name"":""Dibrugarh""},{""adm2_code"":17581,""adm2_name"":""Goalpara""},{""adm2_code"":17582,""adm2_name"":""Golaghat""},{""adm2_code"":17584,""adm2_name"":""Karbi Anglong""},{""adm2_code"":17585,""adm2_name"":""Karimganj""},{""adm2_code"":17589,""adm2_name"":""Nagaon""},{""adm2_code"":17590,""adm2_name"":""Nalbari""},{""adm2_code"":17592,""adm2_name"":""Sibsagar""},{""adm2_code"":17593,""adm2_name"":""Sonitpur""},{""adm2_code"":70086,""adm2_name"":""Bongaigaon""},{""adm2_code"":70087,""adm2_name"":""Dhemaji""},{""adm2_code"":70089,""adm2_name"":""Jorhat""},{""adm2_code"":70090,""adm2_name"":""Kokrajhar""},{""adm2_code"":70091,""adm2_name"":""Lakhimpur""},{""adm2_code"":70092,""adm2_name"":""Marigaon""}]",2017-07-31,2023-09-25
2017-0290-IND,No,nat-hyd-flo-flo,Natural,Hydrological,Flood,Flood (General),GLIDE:FL-2017-000064,,IND,India,Southern Asia,Asia,"Imphal West, Imphal East, Thoubal, Bishnupur (Manipur)",,,No,No,No,,,Km2,,,,2017,7.0,,2017,7.0,,,,12831.0,,12831.0,,,,,,,80.44577926,"[{""adm2_code"":70188,""adm2_name"":""Bishnupur""},{""adm2_code"":70191,""adm2_name"":""East Imphal""},{""adm2_code"":70194,""adm2_name"":""Thoubal""},{""adm2_code"":70196,""adm2_name"":""West Imphal""}]",2017-07-31,2024-04-09
2017-0294-IND,No,nat-hyd-flo-flo,Natural,Hydrological,Flood,Flood (General),,,IND,India,Southern Asia,Asia,"Banaskantha, Valsad, Navsari, Surat, Sabarkantha, Patan (Gujarat), Barmer, Jalore, Udaipur, Sirohi, Pali (Rajasthan), Kolkata (West Bengal)",Monsoon,,No,No,No,,,Km2,,,Banas river,2017,6.0,,2017,8.0,,284.0,,520000.0,,520000.0,,,,,250000.0,310768.0,80.44577926,,2017-07-31,2023-09-25
2017-0342-IND,No,nat-hyd-flo-flo,Natural,Hydrological,Flood,Flood (General),GLIDE:FL-2017-000084,,IND,India,Southern Asia,Asia,"Araria, Jogbani (Bihar); Uttar Pradesh, West Bengal",Monsoonal rain,,No,No,No,,,Km2,,,,2017,8.0,11.0,2017,8.0,31.0,514.0,,17200000.0,,17200000.0,,,,,1567000.0,1947896.0,80.44577926,"[{""adm1_code"":1511,""adm1_name"":""West Bengal""},{""adm1_code"":70081,""adm1_name"":""Uttar Pradesh""},{""adm2_code"":70094,""adm2_name"":""Araria""}]",2017-08-18,2023-09-25
2017-0364-IND,No,nat-hyd-flo-fla,Natural,Hydrological,Flood,Flash flood,,,IND,India,Southern Asia,Asia,"Mumbai (Dadar, Khar, Bandra, Lalbaug, Kalina, Sion, Byculla, Matunga, Wadala, Parel, Khar-Danda, Pali Hill, Carter Road, Bandra, Ghatkopar, Bhandup, Mulund, and Santacruz), Thane (Maharashtra)",Torrential rains,,No,No,No,,,Km2,,,,2017,8.0,29.0,2017,8.0,29.0,14.0,12.0,,,12.0,,,78000.0,96960.0,300000.0,372922.0,80.44577926,"[{""adm2_code"":17783,""adm2_name"":""Thane""},{""adm2_code"":70183,""adm2_name"":""Mumbai Suburban""},{""adm2_code"":70184,""adm2_name"":""Mumbai city""}]",2017-08-29,2023-09-25
2017-0495-IND,No,nat-hyd-flo-fla,Natural,Hydrological,Flood,Flash flood,DFO:4532,,IND,India,Southern Asia,Asia,Chenai (Tamil Nadu),Heavy rains,,No,No,No,,50536.26,Km2,10.489,79.004,,2017,10.0,30.0,2017,11.0,8.0,21.0,,4000.0,,4000.0,,,,,,,80.44577926,"[{""adm2_code"":70242,""adm2_name"":""Chennai""}]",2017-11-28,2023-09-25
2017-0517-IND,No,nat-hyd-flo-flo,Natural,Hydrological,Flood,Flood (General),,,IND,India,Southern Asia,Asia,"Uttar Pradesh (Siddharthnagar, Balarampur, Bahraich, Shravasti, Maharajganj, Barabanki, Lakhimpur Kheri, Gorakhpur, Muzaffarnagar, Gonda, Basti, Mirzapur, Khiri, Deoria, Sitapur, Bijnore, Faizabad, Pilibhit, Farrukhabad, Mau, Kushinagar, Badaun, Ambedkar nagar, Azamgarh, Santkabir Nagar, Ghazipur, Balia)",,,No,No,No,,,Km2,,,"West Rapti, Ghaghra, Rapti, Rohin, Budhi Rapti, Ghoghi",2017,8.0,16.0,2017,8.0,23.0,101.0,,2700000.0,,2700000.0,,,,,,,80.44577926,"[{""adm2_code"":17892,""adm2_name"":""Azamgarh""},{""adm2_code"":17893,""adm2_name"":""Bahraich""},{""adm2_code"":17894,""adm2_name"":""Ballia""},{""adm2_code"":17896,""adm2_name"":""Bara Banki""},{""adm2_code"":17898,""adm2_name"":""Basti""},{""adm2_code"":17899,""adm2_name"":""Bijnor""},{""adm2_code"":17904,""adm2_name"":""Deoria""},{""adm2_code"":17907,""adm2_name"":""Faizabad""},{""adm2_code"":17908,""adm2_name"":""Farrukhabad""},{""adm2_code"":17912,""adm2_name"":""Ghazipur""},{""adm2_code"":17913,""adm2_name"":""Gonda""},{""adm2_code"":17914,""adm2_name"":""Gorakhpur""},{""adm2_code"":17921,""adm2_name"":""Lakhimpur Kheri""},{""adm2_code"":17927,""adm2_name"":""Mirzapur""},{""adm2_code"":17929,""adm2_name"":""Muzaffarnagar""},{""adm2_code"":17931,""adm2_name"":""Pilibhit""},{""adm2_code"":17938,""adm2_name"":""Sitapur""},{""adm2_code"":70257,""adm2_name"":""Ambedkar Nagar""},{""adm2_code"":70259,""adm2_name"":""Badaun""},{""adm2_code"":70261,""adm2_name"":""Balrampur""},{""adm2_code"":70271,""adm2_name"":""Kushinagar""},{""adm2_code"":70272,""adm2_name"":""Maharajganj""},{""adm2_code"":70274,""adm2_name"":""Mau""},{""adm2_code"":70275,""adm2_name"":""Sant Kabir Nagar""},{""adm2_code"":70277,""adm2_name"":""Shravasti""},{""adm2_code"":70278,""adm2_name"":""Siddharth Nagar""}]",2017-12-11,2023-09-25
2018-0205-IND,No,nat-hyd-flo-flo,Natural,Hydrological,Flood,Flood (General),,,IND,India,Southern Asia,Asia,"Assam, Maharashtra, Gujarat",Monsoonal rain,,No,No,No,,,Km2,,,,2018,6.0,22.0,2018,7.0,3.0,52.0,,,,,,,,,,,82.41066796,"[{""adm1_code"":1487,""adm1_name"":""Assam""},{""adm1_code"":1491,""adm1_name"":""Gujarat""},{""adm1_code"":1498,""adm1_name"":""Maharashtra""}]",2018-07-19,2023-09-25
2018-0213-IND,No,nat-hyd-flo-fla,Natural,Hydrological,Flood,Flash flood,,,IND,India,Southern Asia,Asia,Tripura state,Heavy rains,,No,No,No,,,Km2,,,,2018,5.0,17.0,2018,5.0,20.0,15.0,24.0,11704.0,,11728.0,,,,,10000.0,12134.0,82.41066796,"[{""adm1_code"":1509,""adm1_name"":""Tripura""}]",2018-07-20,2023-09-25
2018-0216-IND,No,nat-hyd-flo-flo,Natural,Hydrological,Flood,Flood (General),,,IND,India,Southern Asia,Asia,Dakshina Kannada and Udupi districts,Pre-monsoon rains,,No,No,No,,,Km2,,,,2018,5.0,29.0,2018,5.0,31.0,12.0,,4945.0,,4945.0,,,,,2500.0,3034.0,82.41066796,"[{""adm2_code"":17685,""adm2_name"":""Dakshin Kannad""},{""adm2_code"":70166,""adm2_name"":""Udupi""}]",2018-07-20,2023-09-25
2018-0267-IND,No,nat-hyd-flo-flo,Natural,Hydrological,Flood,Flood (General),,,IND,India,Southern Asia,Asia,"Uttar Pradesh, Rajasthan",Monsoonal rain,,No,No,No,,,Km2,,,,2018,7.0,26.0,2018,7.0,28.0,33.0,45.0,1500.0,,1545.0,,,,,,,82.41066796,"[{""adm1_code"":1506,""adm1_name"":""Rajasthan""},{""adm1_code"":70081,""adm1_name"":""Uttar Pradesh""}]",2018-08-08,2023-09-25
2018-0286-IND,No,nat-hyd-flo-flo,Natural,Hydrological,Flood,Flood (General),,,IND,India,Southern Asia,Asia,Odisha state,Heavy rains,,No,No,No,,,Km2,,,,2018,7.0,20.0,2018,7.0,23.0,20.0,,41430.0,,41430.0,,,,,,,82.41066796,"[{""adm1_code"":1504,""adm1_name"":""Orissa""}]",2018-08-09,2023-09-25
2018-0295-IND,No,nat-hyd-flo-fla,Natural,Hydrological,Flood,Flash flood,GLIDE:FL-2018-000134,,IND,India,Southern Asia,Asia,"Thrissur, Chengannur (Kerala state); West Bengal, Odisha, Assam, Nagaland, Uttar Pradesh, Himachal Pradesh, Maharashtra states",Monsoonal rains,"Broken Dam/Burst bank|Slide (land, mud, snow, rock)",No,No,No,,,Km2,,,,2018,8.0,7.0,2018,8.0,20.0,504.0,,23000000.0,220000.0,23220000.0,,,,,2852480.0,3461299.0,82.41066796,"[{""adm1_code"":1487,""adm1_name"":""Assam""},{""adm1_code"":1493,""adm1_name"":""Himachal Pradesh""},{""adm1_code"":1498,""adm1_name"":""Maharashtra""},{""adm1_code"":1503,""adm1_name"":""Nagaland""},{""adm1_code"":1504,""adm1_name"":""Orissa""},{""adm1_code"":1511,""adm1_name"":""West Bengal""},{""adm1_code"":70081,""adm1_name"":""Uttar Pradesh""},{""adm2_code"":17708,""adm2_name"":""Thrissur""},{""adm2_code"":70298,""adm2_name"":""Alappuzha""}]",2018-08-13,2023-09-25
2018-0345-IND,No,nat-hyd-flo-flo,Natural,Hydrological,Flood,Flood (General),,,IND,India,Southern Asia,Asia,"Biswanath, Udalguri, Golaghat, Sivassagar/Charaideo, Barpeta, Lakhimpu, Dhemaji, Darrang (Assam, West Bengal)",,,No,No,No,,,Km2,,,,2018,8.0,2.0,2018,8.0,6.0,3.0,,25000.0,,25000.0,,,,,,,82.41066796,"[{""adm2_code"":17576,""adm2_name"":""Barpeta""},{""adm2_code"":17578,""adm2_name"":""Darrang""},{""adm2_code"":17582,""adm2_name"":""Golaghat""},{""adm2_code"":17592,""adm2_name"":""Sibsagar""},{""adm2_code"":17593,""adm2_name"":""Sonitpur""},{""adm2_code"":70087,""adm2_name"":""Dhemaji""},{""adm2_code"":70091,""adm2_name"":""Lakhimpur""}]",2018-09-19,2023-09-25
2018-0370-IND,No,nat-hyd-flo-flo,Natural,Hydrological,Flood,Flood (General),,,IND,India,Southern Asia,Asia,Uttar Pradesh,,,No,No,No,,,Km2,,,,2018,9.0,1.0,2018,10.0,6.0,46.0,,,3050.0,3050.0,,,,,,,82.41066796,"[{""adm1_code"":70081,""adm1_name"":""Uttar Pradesh""}]",2018-10-11,2023-09-25
2018-0372-IND,No,nat-hyd-flo-flo,Natural,Hydrological,Flood,Flood (General),,,IND,India,Southern Asia,Asia,"Punjab, Haryana states",,"Slide (land, mud, snow, rock)",No,No,No,,,Km2,,,,2018,9.0,23.0,2018,9.0,24.0,25.0,,,,,,,,,,,82.41066796,"[{""adm1_code"":1492,""adm1_name"":""Haryana""},{""adm1_code"":1505,""adm1_name"":""Punjab""}]",2018-10-11,2023-09-25
2019-0288-IND,No,nat-hyd-flo-flo,Natural,Hydrological,Flood,Flood (General),,,IND,India,Southern Asia,Asia,"Mumbai, Pune, Ratnagiri Districts (Maharashtra State)",Monsoon,Broken Dam/Burst bank,No,No,No,,,Km2,,,,2019,6.0,28.0,2019,7.0,4.0,52.0,60.0,,,60.0,,,,,,,83.90417006,"[{""adm2_code"":17776,""adm2_name"":""Pune""},{""adm2_code"":17778,""adm2_name"":""Ratnagiri""},{""adm2_code"":70184,""adm2_name"":""Mumbai city""}]",2019-07-05,2023-09-25
2019-0331-IND,No,nat-hyd-flo-flo,Natural,Hydrological,Flood,Flood (General),,,IND,India,Southern Asia,Asia,"Sitamarhi, Sheohar, East Champaran, Muzaffarpur, Madhubani, Darbhanga, Supaul, Araria, Sahersa , Katihar, Purnia, Kishanganj districts (Bihar); Dhemaji, Lakhimpur, Biswanath, Barpeta, Chirang, Golaghat Jorhat, Sonitpur, Darrang, Nalbari, Bongaigaon, Morigaon, Nagaon, Majuli, Baksa, Kokrajhar, Dhubri, South Salmara, Goalpara, Kamrup, Hojai, Sivsagar, Tinsukia, Cachar, KarbiAnglrng, West Karbi-Anglong, Hailakandi, Dibrugarh districts (Assam); Maharashtra, Kerala, Rajasthan, West Bengal, Karnataka, Uttarakand, Himachal Pradesh, Punjab, Uttar Pradesh, Odisha",Monsoon rain,"Slide (land, mud, snow, rock)",No,No,No,,,Km2,,,,2019,7.0,14.0,2019,9.0,30.0,1900.0,,3000000.0,,3000000.0,,,200000.0,238367.0,10000000.0,11918359.0,83.90417006,"[{""adm1_code"":1493,""adm1_name"":""Himachal Pradesh""},{""adm1_code"":1494,""adm1_name"":""Karnataka""},{""adm1_code"":1495,""adm1_name"":""Kerala""},{""adm1_code"":1498,""adm1_name"":""Maharashtra""},{""adm1_code"":1504,""adm1_name"":""Orissa""},{""adm1_code"":1505,""adm1_name"":""Punjab""},{""adm1_code"":1506,""adm1_name"":""Rajasthan""},{""adm1_code"":1511,""adm1_name"":""West Bengal""},{""adm1_code"":70081,""adm1_name"":""Uttar Pradesh""},{""adm1_code"":70082,""adm1_name"":""Uttarakhand""},{""adm2_code"":17576,""adm2_name"":""Barpeta""},{""adm2_code"":17577,""adm2_name"":""Cachar""},{""adm2_code"":17578,""adm2_name"":""Darrang""},{""adm2_code"":17579,""adm2_name"":""Dhuburi""},{""adm2_code"":17580,""adm2_name"":""Dibrugarh""},{""adm2_code"":17581,""adm2_name"":""Goalpara""},{""adm2_code"":17582,""adm2_name"":""Golaghat""},{""adm2_code"":17583,""adm2_name"":""Kamrup""},{""adm2_code"":17584,""adm2_name"":""Karbi Anglong""},{""adm2_code"":17589,""adm2_name"":""Nagaon""},{""adm2_code"":17590,""adm2_name"":""Nalbari""},{""adm2_code"":17592,""adm2_name"":""Sibsagar""},{""adm2_code"":17593,""adm2_name"":""Sonitpur""},{""adm2_code"":70086,""adm2_name"":""Bongaigaon""},{""adm2_code"":70087,""adm2_name"":""Dhemaji""},{""adm2_code"":70088,""adm2_name"":""Hailakandi""},{""adm2_code"":70089,""adm2_name"":""Jorhat""},{""adm2_code"":70090,""adm2_name"":""Kokrajhar""},{""adm2_code"":70091,""adm2_name"":""Lakhimpur""},{""adm2_code"":70092,""adm2_name"":""Marigaon""},{""adm2_code"":70093,""adm2_name"":""Tinsukia""},{""adm2_code"":17598,""adm2_name"":""Darbhanga""},{""adm2_code"":17608,""adm2_name"":""Katihar""},{""adm2_code"":17611,""adm2_name"":""Madhubani""},{""adm2_code"":17613,""adm2_name"":""Muzaffarpur""},{""adm2_code"":17620,""adm2_name"":""Purba Champaran""},{""adm2_code"":17621,""adm2_name"":""Purnia""},{""adm2_code"":17624,""adm2_name"":""Saharsa""},{""adm2_code"":17630,""adm2_name"":""Sitamarhi""},{""adm2_code"":70094,""adm2_name"":""Araria""},{""adm2_code"":70100,""adm2_name"":""Kishanganj""},{""adm2_code"":70103,""adm2_name"":""Sheohar""},{""adm2_code"":70104,""adm2_name"":""Supaul""}]",2019-07-15,2023-09-25
2019-0383-IND,No,nat-hyd-flo-flo,Natural,Hydrological,Flood,Flood (General),,,IND,India,Southern Asia,Asia,"West Bengal, Kerala, Odisha, Maharashtra",Monsoon rain,,No,No,No,,,Km2,,,,2019,8.0,12.0,2019,8.0,15.0,32.0,,17500.0,,17500.0,,,,,,,83.90417006,"[{""adm1_code"":1495,""adm1_name"":""Kerala""},{""adm1_code"":1498,""adm1_name"":""Maharashtra""},{""adm1_code"":1504,""adm1_name"":""Orissa""},{""adm1_code"":1511,""adm1_name"":""West Bengal""}]",2019-08-16,2023-09-25
2019-0499-IND,No,nat-hyd-flo-flo,Natural,Hydrological,Flood,Flood (General),,,IND,India,Southern Asia,Asia,"Belagavi, Gadag, Koppal districts (Karnataka); Kerala, Tamil Nadu states",Monsoon rain,"Slide (land, mud, snow, rock)",No,No,No,,,Km2,,,,2019,10.0,19.0,2019,10.0,23.0,12.0,,27500.0,,27500.0,,,,,,,83.90417006,"[{""adm1_code"":1495,""adm1_name"":""Kerala""},{""adm1_code"":1508,""adm1_name"":""Tamil Nadu""},{""adm2_code"":17679,""adm2_name"":""Belgaum""},{""adm2_code"":70163,""adm2_name"":""Gadag""},{""adm2_code"":70165,""adm2_name"":""Koppal""}]",2019-10-24,2024-04-10
2019-0574-IND,No,nat-hyd-flo-flo,Natural,Hydrological,Flood,Flood (General),,,IND,India,Southern Asia,Asia,"Coimbatore, Cuddalore, Nagapattinam, Thoothukkudi Districts (Tamil Nadu); Pudducherry",Heavy rains,,No,No,No,,,Km2,,,,2019,11.0,29.0,2019,12.0,4.0,27.0,,25000.0,,25000.0,,,,,,,83.90417006,"[{""adm1_code"":70080,""adm1_name"":""Puducherry""},{""adm2_code"":17866,""adm2_name"":""Thoothukudi""},{""adm2_code"":17867,""adm2_name"":""Coimbatore""},{""adm2_code"":70243,""adm2_name"":""Cuddalore""},{""adm2_code"":70247,""adm2_name"":""Nagapattinam""}]",2019-12-04,2023-09-25
2020-0198-IND,No,nat-hyd-flo-flo,Natural,Hydrological,Flood,Flood (General),,,IND,India,Southern Asia,Asia,Uttar Pradesh State,Heavy rains,,No,No,No,,,Km2,,,,2020,5.0,10.0,2020,5.0,13.0,29.0,,,,,,,,,10000.0,11773.0,84.93919813,"[{""adm1_code"":70081,""adm1_name"":""Uttar Pradesh""}]",2020-05-13,2024-04-18
2020-0206-IND,No,nat-hyd-flo-flo,Natural,Hydrological,Flood,Flood (General),,,IND,India,Southern Asia,Asia,"Lakhimpur, Sontipur, Darrang, Goalpara (Assam state); Sikkim state",Heavy rains,"Slide (land, mud, snow, rock)",No,No,No,,,Km2,,,"Jia Bharali, Puthimari rivers",2020,5.0,24.0,2020,5.0,26.0,1.0,2.0,30000.0,,30002.0,,,,,,,84.93919813,"[{""adm1_code"":1507,""adm1_name"":""Sikkim""},{""adm2_code"":17578,""adm2_name"":""Darrang""},{""adm2_code"":17581,""adm2_name"":""Goalpara""},{""adm2_code"":17593,""adm2_name"":""Sonitpur""},{""adm2_code"":70091,""adm2_name"":""Lakhimpur""}]",2020-05-27,2024-04-18
2020-0249-IND,No,nat-hyd-flo-flo,Natural,Hydrological,Flood,Flood (General),,,IND,India,Southern Asia,Asia,Jammu region,,,No,No,No,,,Km2,,,,2020,6.0,1.0,2020,6.0,9.0,,,5000.0,,5000.0,,,,,,,84.93919813,"[{""adm1_code"":40408,""adm1_name"":""Administrative unit not available""},{""adm1_code"":40409,""adm1_name"":""Administrative unit not available""},{""adm1_code"":40422,""adm1_name"":""Administrative unit not available""},{""adm1_code"":40423,""adm1_name"":""Administrative unit not available""},{""adm1_code"":40424,""adm1_name"":""Administrative unit not available""},{""adm1_code"":40425,""adm1_name"":""Administrative unit not available""},{""adm1_code"":40426,""adm1_name"":""Administrative unit not available""},{""adm1_code"":40427,""adm1_name"":""Administrative unit not available""},{""adm1_code"":40428,""adm1_name"":""Administrative unit not available""},{""adm1_code"":40429,""adm1_name"":""Administrative unit not available""},{""adm1_code"":40430,""adm1_name"":""Administrative unit not available""},{""adm1_code"":40431,""adm1_name"":""Administrative unit not available""}]",2020-06-19,2023-09-25
2020-0304-IND,No,nat-hyd-flo-flo,Natural,Hydrological,Flood,Flood (General),,,IND,India,Southern Asia,Asia,"Assam, Bihar, Gujarat, Chhattisgarh, Kerala, Karnataka, Madhya Pradesh, Odisha, Uttar Pradesh, West Bengal, Arunachal Pradesh, Maharashtraa.",Monsoon rain,"Slide (land, mud, snow, rock)",No,No,No,,,Km2,,,,2020,6.0,,2020,8.0,16.0,1922.0,,1300000.0,,1300000.0,,,800000.0,941850.0,7500000.0,8829846.0,84.93919813,"[{""adm1_code"":1487,""adm1_name"":""Assam""},{""adm1_code"":1491,""adm1_name"":""Gujarat""},{""adm1_code"":1494,""adm1_name"":""Karnataka""},{""adm1_code"":1495,""adm1_name"":""Kerala""},{""adm1_code"":1498,""adm1_name"":""Maharashtra""},{""adm1_code"":1504,""adm1_name"":""Orissa""},{""adm1_code"":1511,""adm1_name"":""West Bengal""},{""adm1_code"":70072,""adm1_name"":""Arunachal Pradesh""},{""adm1_code"":70073,""adm1_name"":""Bihar""},{""adm1_code"":70075,""adm1_name"":""Chhattisgarh""},{""adm1_code"":70079,""adm1_name"":""Madhya Pradesh""},{""adm1_code"":70081,""adm1_name"":""Uttar Pradesh""}]",2020-08-04,2023-09-25
2020-0446-IND,No,nat-hyd-flo-flo,Natural,Hydrological,Flood,Flood (General),,,IND,India,Southern Asia,Asia,"Hyderabad, Telangana, Andhra Pradesh, Karnataka, South Odisha states ",Heavy rains,,No,No,No,,,Km2,,,,2020,10.0,1.0,2020,10.0,26.0,152.0,,150000.0,,150000.0,,,,,4000000.0,4709251.0,84.93919813,"[{""adm1_code"":1485,""adm1_name"":""Andhra Pradesh""},{""adm1_code"":1494,""adm1_name"":""Karnataka""},{""adm2_code"":17811,""adm2_name"":""Ganjam""},{""adm2_code"":17812,""adm2_name"":""Kalahandi""},{""adm2_code"":17814,""adm2_name"":""Koraput""},{""adm2_code"":70211,""adm2_name"":""Boudh""},{""adm2_code"":70213,""adm2_name"":""Gajapati""},{""adm2_code"":70217,""adm2_name"":""Kandhamal""},{""adm2_code"":70220,""adm2_name"":""Malkangiri""},{""adm2_code"":70221,""adm2_name"":""Nabarangpur""},{""adm2_code"":70223,""adm2_name"":""Nuapada""},{""adm2_code"":70224,""adm2_name"":""Rayagada""}]",2020-10-16,2023-09-25
