date,state_name,flood_type,flood_occurred
2009-07-29,Delhi,Flash flood,1
2009-07-01,Assam,Riverine flood,1
2009-07-01,Gujarat,Riverine flood,1
2009-07-01,Karnataka,Riverine flood,1
2009-07-01,Kerala,Riverine flood,1
2009-07-01,Orissa,Riverine flood,1
2009-07-01,West Bengal,Riverine flood,1
2009-07-01,Bihar,Riverine flood,1
2009-09-25,Maharashtra,Riverine flood,1
2010-07-05,Kerala,Riverine flood,1
2010-07-05,Punjab,Riverine flood,1
2010-05-18,Andhra Pradesh,Riverine flood,1
2010-07-13,Delhi,Riverine flood,1
2010-09-18,Bihar,Riverine flood,1
2010-09-18,Uttar Pradesh,Riverine flood,1
2010-09-09,Haryana,Riverine flood,1
2010-09-09,Punjab,Riverine flood,1
2010-09-09,Uttar Pradesh,Riverine flood,1
2011-08-10,West Bengal,Riverine flood,1
2011-07-23,Rajasthan,Riverine flood,1
2011-09-05,Orissa,Riverine flood,1
2011-06-15,Uttar Pradesh,Riverine flood,1
2011-06-15,Uttarakhand,Riverine flood,1
2012-06-26,Assam,Riverine flood,1
2012-08-21,Himachal Pradesh,Riverine flood,1
2013-06-12,Gujarat,Riverine flood,1
2013-06-12,Himachal Pradesh,Riverine flood,1
2013-06-12,Karnataka,Riverine flood,1
2013-06-12,Kerala,Riverine flood,1
2013-06-12,West Bengal,Riverine flood,1
2013-06-12,Bihar,Riverine flood,1
2013-06-12,Uttar Pradesh,Riverine flood,1
2013-06-12,Uttarakhand,Riverine flood,1
2013-08-22,Assam,Riverine flood,1
2013-08-22,Uttar Pradesh,Riverine flood,1
2013-10-21,Andhra Pradesh,Riverine flood,1
2013-10-21,Orissa,Riverine flood,1
2013-10-21,West Bengal,Riverine flood,1
2014-06-26,Assam,Riverine flood,1
2014-07-16,Himachal Pradesh,Riverine flood,1
2014-07-16,Uttarakhand,Riverine flood,1
2014-08-03,Orissa,Riverine flood,1
2014-09-01,Administrative unit not available,Riverine flood,1
2014-09-01,Administrative unit not available,Riverine flood,1
2014-09-01,Administrative unit not available,Riverine flood,1
2014-09-01,Administrative unit not available,Riverine flood,1
2014-09-01,Administrative unit not available,Riverine flood,1
2014-09-01,Administrative unit not available,Riverine flood,1
2014-09-01,Administrative unit not available,Riverine flood,1
2014-09-01,Administrative unit not available,Riverine flood,1
2014-09-01,Administrative unit not available,Riverine flood,1
2014-09-01,Administrative unit not available,Riverine flood,1
2014-08-16,Assam,Riverine flood,1
2014-08-16,Bihar,Riverine flood,1
2014-08-16,Uttarakhand,Riverine flood,1
2014-08-09,Orissa,Riverine flood,1
2015-06-19,Maharashtra,Riverine flood,1
2015-07-15,Manipur,Riverine flood,1
2015-07-15,Orissa,Riverine flood,1
2015-07-15,Rajasthan,Riverine flood,1
2015-07-15,Madhya Pradesh,Riverine flood,1
2015-07-07,Haryana,Riverine flood,1
2015-07-07,Himachal Pradesh,Riverine flood,1
2015-07-07,Punjab,Riverine flood,1
2015-07-07,Rajasthan,Riverine flood,1
2015-07-07,Administrative unit not available,Riverine flood,1
2015-07-07,Administrative unit not available,Riverine flood,1
2015-07-07,Administrative unit not available,Riverine flood,1
2015-07-07,Administrative unit not available,Riverine flood,1
2015-07-07,Administrative unit not available,Riverine flood,1
2015-07-07,Administrative unit not available,Riverine flood,1
2015-07-07,Administrative unit not available,Riverine flood,1
2015-07-07,Administrative unit not available,Riverine flood,1
2015-07-07,Administrative unit not available,Riverine flood,1
2015-07-07,Administrative unit not available,Riverine flood,1
2015-07-07,Administrative unit not available,Riverine flood,1
2015-07-07,Administrative unit not available,Riverine flood,1
2015-07-07,Administrative unit not available,Riverine flood,1
2015-07-07,Administrative unit not available,Riverine flood,1
2015-07-07,Arunachal Pradesh,Riverine flood,1
2015-07-07,Uttar Pradesh,Riverine flood,1
2015-07-07,Uttarakhand,Riverine flood,1
2015-08-13,Assam,Flood (General),1
2015-07-14,Administrative unit not available,Flood (General),1
2015-07-14,Administrative unit not available,Flood (General),1
2015-07-14,Arunachal Pradesh,Flood (General),1
2015-11-08,Puducherry,Flood (General),1
2016-04-22,Assam,Flood (General),1
2016-04-22,Nagaland,Flood (General),1
2016-04-22,Arunachal Pradesh,Flood (General),1
2016-06-25,Assam,Flash flood,1
2016-06-25,Arunachal Pradesh,Flash flood,1
2016-07-15,Bihar,Flood (General),1
2016-07-15,Uttar Pradesh,Flood (General),1
2016-09-21,Andhra Pradesh,Flood (General),1
2017-06-04,Assam,Flood (General),1
2017-06-04,Manipur,Flood (General),1
2017-06-04,Nagaland,Flood (General),1
2017-06-04,Jharkhand,Flood (General),1
2017-06-01,Gujarat,Flood (General),1
2017-08-11,West Bengal,Flood (General),1
2017-08-11,Uttar Pradesh,Flood (General),1
2018-06-22,Assam,Flood (General),1
2018-06-22,Gujarat,Flood (General),1
2018-06-22,Maharashtra,Flood (General),1
2018-05-17,Tripura,Flash flood,1
2018-07-26,Rajasthan,Flood (General),1
2018-07-26,Uttar Pradesh,Flood (General),1
2018-07-20,Orissa,Flood (General),1
2018-08-07,Assam,Flash flood,1
2018-08-07,Himachal Pradesh,Flash flood,1
2018-08-07,Maharashtra,Flash flood,1
2018-08-07,Nagaland,Flash flood,1
2018-08-07,Orissa,Flash flood,1
2018-08-07,West Bengal,Flash flood,1
2018-08-07,Uttar Pradesh,Flash flood,1
2018-09-01,Uttar Pradesh,Flood (General),1
2018-09-23,Haryana,Flood (General),1
2018-09-23,Punjab,Flood (General),1
2019-07-14,Himachal Pradesh,Flood (General),1
2019-07-14,Karnataka,Flood (General),1
2019-07-14,Kerala,Flood (General),1
2019-07-14,Maharashtra,Flood (General),1
2019-07-14,Orissa,Flood (General),1
2019-07-14,Punjab,Flood (General),1
2019-07-14,Rajasthan,Flood (General),1
2019-07-14,West Bengal,Flood (General),1
2019-07-14,Uttar Pradesh,Flood (General),1
2019-07-14,Uttarakhand,Flood (General),1
2019-08-12,Kerala,Flood (General),1
2019-08-12,Maharashtra,Flood (General),1
2019-08-12,Orissa,Flood (General),1
2019-08-12,West Bengal,Flood (General),1
2019-10-19,Kerala,Flood (General),1
2019-10-19,Tamil Nadu,Flood (General),1
2019-11-29,Puducherry,Flood (General),1
2020-05-10,Uttar Pradesh,Flood (General),1
2020-05-24,Sikkim,Flood (General),1
2020-06-01,Administrative unit not available,Flood (General),1
2020-06-01,Administrative unit not available,Flood (General),1
2020-06-01,Administrative unit not available,Flood (General),1
2020-06-01,Administrative unit not available,Flood (General),1
2020-06-01,Administrative unit not available,Flood (General),1
2020-06-01,Administrative unit not available,Flood (General),1
2020-06-01,Administrative unit not available,Flood (General),1
2020-06-01,Administrative unit not available,Flood (General),1
2020-06-01,Administrative unit not available,Flood (General),1
2020-06-01,Administrative unit not available,Flood (General),1
2020-06-01,Administrative unit not available,Flood (General),1
2020-06-01,Administrative unit not available,Flood (General),1
2020-06-01,Assam,Flood (General),1
2020-06-01,Gujarat,Flood (General),1
2020-06-01,Karnataka,Flood (General),1
2020-06-01,Kerala,Flood (General),1
2020-06-01,Maharashtra,Flood (General),1
2020-06-01,Orissa,Flood (General),1
2020-06-01,West Bengal,Flood (General),1
2020-06-01,Arunachal Pradesh,Flood (General),1
2020-06-01,Bihar,Flood (General),1
2020-06-01,Chhattisgarh,Flood (General),1
2020-06-01,Madhya Pradesh,Flood (General),1
2020-06-01,Uttar Pradesh,Flood (General),1
2020-10-01,Andhra Pradesh,Flood (General),1
2020-10-01,Karnataka,Flood (General),1
